REACTION_NAME,ALIAS,ORIGINAL_ALIAS,REACTION_SMARTS,ASSOCIATED_VALIDATION_ASSAYS_REACTANT_1,ASSOCIATED_VALIDATION_ASSAYS_REACTANT_2,ALLOWED_FGS_REACTANT_1,ALLOWED_FGS_REACTANT_2,FORBIDDEN_FGS_REACTANT_1,FORBIDDEN_FGS_REACTANT_2,PRODUCT_FGS,EXAMPLE_REACTANT_1,EXAMPLE_REACTANT_2,EXAMPLE_PRODUCT,INTERMEDIATE_ISOLATED
124-Oxadiazole Formation,124-Oxadiazole Formation,CA 124 Oxadiazole,"[NX3!H0;!$([NX3][A]=,#[A$([!#6])]):1][#6:2].[CX3:3]([$([OH1]),$([O-])])(=O)[#6:4]>>[#6:4][C:3]1ON=C([N:1][#6:2])N=1",Anilines Oxadiazole Formation,Oxadiazole-Acids,"Secondary Aliphatic Amine, Secondary Aromatic Amine",Carboxylic Acid,"Poly-Amine, Amine-Heteroatom, Hydroxyguanidine","Poly-Carboxylic Acid, Sulfonyl Chloride, Isocyanate, NHS Ester, Nitrophenyl Formate, Acyl or Thioacyl Halide, Oximinoyl Chloride, Primary Aliphatic Amine, Secondary Aliphatic Amine, Primary Aromatic Amine, Secondary Aromatic Amine","124-oxadiazole (3-amino), Tertiary Aromatic Amine",[2H]CNC,[2H]CC(O)=O,CN(C1=NOC(C[2H])=N1)C[2H],Y
134-Oxadiazole Formation,134-Oxadiazole Formation,CA 134 Oxadiazole,"[NX3!H0;!$([NX3][A]=,#[A$([!#6])]):1][#6:2].[CX3H1:3](=O)[#6:4]>>[#6:4][C:3]1OC([N:1][#6:2])=NN=1",,Oxadiazole-Aldehydes,"Secondary Aliphatic Amine, Secondary Aromatic Amine",Aldehyde,"Poly-Amine, Amine-Heteroatom, Semicarbazide, Beta Secondary Amino Acid, Beta Secondary Amino Ester, Beta Secondary Amino Primary Amide","Poly-Aldehyde, Sulfonyl Chloride, Isocyanate, NHS Ester, Acyl or Thioacyl Halide, Oximinoyl Chloride, Nitrophenyl Formate","134-oxadiazole (2-amino), Tertiary Aromatic Amine",[2H]CNC,[2H]CC=O,CN(C[2H])C1=NN=C(C[2H])O1,Y
Acylation,Acylation,CA Acylation,"[NX3!H0;!$([NX3][A]=,#[A$([!#6])]):1][#6:2].[CX3:3]([$([OH1]),$([O-]),$([F,Cl,Br,I]),$(ON1C(=O)CCC(=O)1),$(Oc1ccc([N+]([O-])=O)cc1)])(=O)[*:4]>>[*:4][C:3](=O)[N:1][#6:2]",,"Acylation-DMT, Acylation-DIC, Covalent Warhead Acylation","Primary Aliphatic Amine, Primary Aromatic Amine, Secondary Aliphatic Amine, Secondary Aromatic Amine, Amine-Heteroatom","Carboxylic Acid, Acyl or Thioacyl Halide, NHS Ester, Nitrophenyl Formate","Poly-Amine, Amidine, Aromatic NNH","Poly-Carboxylic Acid, Sulfonyl Chloride, Isocyanate, Oximinoyl Chloride, Primary Aliphatic Amine, Primary Aromatic Amine, Secondary Aliphatic Amine, Secondary Aromatic Amine, Aromatic NNH","Secondary Amide, Tertiary Amide",[2H]CN,[2H]CC(O)=O,O=C(NC[2H])C[2H],N
Acylation (Non-Heteroaryl Amine Only),Acylation (Non-Heteroaryl Amine Only),ChemAxon-Acylation-NonHeteroarylAmineOnly,"[NX3!H0;!$(N[c$([cr6R1]@[aR1][$([NX3](=O)=O),$([NX3+](=O)[O-])]),c$([cr6R1]@[aR1]@[aR1]@[aR1][$([NX3](=O)=O),$([NX3+](=O)[O-])]),c$([cr6R1]@[aR1]C#N),c$([cr6R1]@[aR1]@[aR1]@[aR1]C#N),c$([cr6R1]@[nR1]),c$([cr6R1]@[aR1]@[aR1]@[nR1]),c$([cr5R1](@[$([nH1R1]),$([nR1]!@*),$([oR1]),$([sR1])])@[nR1]),c$([cr5R1](@[$([nH1R1]),$([nR1]!@*),$([oR1]),$([sR1])])[aR1][aR1][nR1]),c$([cr5R1]@[nR1]@[$([nH1R1]),$([nR1]!@*),$([oR1]),$([sR1])])]);!$([NX3][A]=,#[A$([!#6])]):1][#6:2].[CX3:3]([$([OH1]),$([O-]),$([F,Cl,Br,I]),$(ON1C(=O)CCC(=O)1),$(Oc1ccc([N+]([O-])=O)cc1)])(=O)[*:4]>>[*:4][C:3](=O)[N:1][#6:2]",,"Acylation-DMT, Acylation-DIC, Covalent Warhead Acylation","Primary Aliphatic Amine, Primary Aromatic Amine, Secondary Aliphatic Amine, Secondary Aromatic Amine, Amine-Heteroatom","Carboxylic Acid, Acyl or Thioacyl Halide, NHS Ester",Amidine,"Poly-Carboxylic Acid, Sulfonyl Chloride, Isocyanate, Oximinoyl Chloride, Primary Aliphatic Amine, Primary Aromatic Amine, Secondary Aliphatic Amine, Secondary Aromatic Amine, Aromatic NNH","Secondary Amide, Tertiary Amide",[2H]CN,[2H]CC(O)=O,O=C(NC[2H])C[2H],N
Acylation (Primary Aromatic Amines Only),Acylation (Primary Aromatic Amines Only),ChemAxon-Acylation-Primary_Aromatic_Amine_Only,"[NX3H2;$(Nc);!$([NX3][A]=,#[A$([!#6])]):1][#6:2].[CX3:3]([OD1h1])(=O)[#6:4]>>[#6:4][C:3](=O)[N:1][#6:2]",,"Acylation-DMT, Acylation-DIC, Covalent Warhead Acylation",Primary Aromatic Amine,"Carboxylic Acid, Acyl or Thioacyl Halide, NHS Ester, Nitrophenyl Formate","Hydrazine, Hydrazide, Thiosemicarbazide, Amidine","Poly-Carboxylic Acid, Sulfonyl Chloride, Isocyanate, Oximinoyl Chloride, Primary Aliphatic Amine, Primary Aromatic Amine, Secondary Aliphatic Amine, Aromatic NNH",Secondary Amide,[2H]CC1=CC=C(N)C=C1,[2H]CC(O)=O,[2H]CC1=CC=C(NC(C[2H])=O)C=C1,N
Aldol Condensation,Aldol Condensation,ChemAxon-Aldol,[CX3:1](=[O:5])([CX4H3:2])[#6:3].[CX3H1:4](=O)[#6:6]>>[#6:6][C:4]=[CX4H1:2][CX3:1](=[O:5])[#6:3],,,Methyl Ketone,Aldehyde,,"Poly-Aldehyde, Ketone",Alpha-beta unsaturated ketone,CC(CC[2H])=O,[2H]CC=O,O=C(C=CC[2H])CC[2H],N
Alkene Primary Amine Oxidative Ring Expansion,CA Primary Amine Oxidative Ring Expansion,CA Primary Amine Oxidative Ring Expansion,"[C:1]=[C:2].[NX3H2;!$([NX3][A]=,#[A$([!#6])]):3][#6:4]>>[C:1][N:3]([#6:4])[C:2]",,Double Reductive Amination-Post Upjohn,Alkene (Cyclic),"Primary Aliphatic Amine, Primary Aromatic Amine","Alkene (Acyclic), Alkene (Terminal), Alkene (Heterosubstituted), Alkyne, Poly-Alkene, Allene, Aldehyde, Ketone","Poly-Amine, Amine-Heteroatom, Amidine",Tertiary Aliphatic Amine,[2H]CC1CC=CC1,[2H]CN,[2H]CN(CC1)CCC1C[2H],Y
Aryl or Vinyl or Alkynyl Chloride Bromide or Iodide to Aryl or Vinyl or Alkynyl Bromide,Aryl or Vinyl or Alkynyl Chloride Bromide or Iodide to Aryl or Vinyl or Alkynyl Bromide,Aryl or Vinyl or Alkynyl Chloride Bromide or Iodide to Aryl or Vinyl or Alkynyl Bromide,"[#6$(C([Cl,Br,I])=,#C),$(c[Cl,Br,I]):1][Cl,Br,I]>>[#6:1]Br",,,Aryl or Vinyl or Alkynyl Chloride Bromide or Iodide,,Poly-Vinyl or Alkynyl Chloride Bromide or Iodide,,Aryl or Vinyl or Alkynyl Bromide,ClC(C=C1)=CC=C1C[2H],,BrC(C=C1)=CC=C1C[2H],N
Azide Reduction,Azide Reduction,ChemAxon-Azide_Reduction,[#6:1][N:2]=[N+]=[N-]>>[#6:1][N:2],,,Azide,,Poly-Azide,,"Primary Aliphatic Amine, Primary Aromatic Amine",[2H]CN=[N+]=[N-],,[2H]CN,N
Benzimidazole Formation,Benzimidazole Formation,ChemAxon-BenzimidizoleCyclization-Aldehydes-Jun2019,"[NX3H1;!$([N][!#6]);!$([NX3][A]=,#[A$([!#6])]):1]([#6:2])[*$(a):3][*$(a):4][NX3H2:5].[C$([CX3H1](=O)[#6]),$([CX3H2]=O):6](=O)>>[#6:2][N:1]1[*:3][*:4][N:5]=[#6:6]1",,"Aldehydes-Benzimidazole Cyclization, Aldehydes- Imidazopyridine Cyclization, Aldehydes-IP Cyclization",Ortho-Diamine,Aldehyde,,"Poly-Aldehyde, Sulfonyl Chloride, Isocyanate, NHS Ester, Acyl or Thioacyl Halide, Oximinoyl Chloride, Nitrophenyl Formate",Benzimidazole (Phenyl or Aza),CNC1=CC(C[2H])=CC=C1N,[2H]CC=O,CN1C2=CC(C[2H])=CC=C2N=C1C[2H],N
Blank (124 Oxadiazole Intermediate),Blank (124 Oxadiazole Intermediate),ChemAxon-Blank-124-Oxadiazole-Intermediate,"[NX3!H0;!$([NX3][A]=,#[A$([!#6])]):1][#6:2]>>[#6:2][N:1]C(=NO)N",,,"Secondary Aliphatic Amine, Secondary Aromatic Amine",,"Poly-Amine, Amine-Heteroatom, Hydroxyguanidine",,Hydroxyguanidine,[2H]CNC,,[2H]CN(C(N)=NO)C,Y
Blank (134 Oxadiazole Intermediate),Blank (134 Oxadiazole Intermediate),ChemAxon-Blank-134-Oxadiazole-Intermediate,"[NX3!H0;!$([NX3][A]=,#[A$([!#6])]):1][#6:2]>>[#6:2][N:1]C(=O)NN",,,"Secondary Aliphatic Amine, Secondary Aromatic Amine",,"Poly-Amine, Amine-Heteroatom, Semicarbazide, Beta Secondary Amino Acid, Beta Secondary Amino Ester, Beta Secondary Amino Primary Amide",,Semicarbazide,[2H]CNC,,[2H]CN(C(NN)=O)C,Y
Blank (Alkene Primary Amine Oxidative Ring Expansion Intermediate),Blank (Alkene Primary Amine Oxidative Ring Expansion Intermediate),ChemAxon-Blank-Alkene-Oxidative-Ring-Expansion-Intermediate,[C:1]=[C:2]>>([C:1]=O.[C:2]=O),,,Alkene (Cyclic),,"Alkene (Acyclic), Alkene (Terminal), Alkene (Heterosubstituted), Alkyne, Poly-Alkene, Allene, Aldehyde, Ketone",,"Ketone, Aldehyde",[2H]CC1CC=CC1,,[2H]CC(CC=O)CC=O,Y
Blank (Boc On),Blank (Boc On),ChemAxon-Boc-On,[#6:1][N:2]C(OC([CH3])([CH3])[CH3])=O>>[#6:1][N:2]C(OC([CH3])([CH3])[CH3])=O,,,Boc Protected Amine,,,,Any Atom,N(C(=O)OC(C)(C)C)C[2H],,N(C(=O)OC(C)(C)C)C[2H],N
Blank (Halide Reduction (Br or I)),Blank (Halide Reduction (Br or I)),ChemAxon-Halide-Reduction-Br-or-I,"[$(c),$(C(=,#C)):1][Br,I].[Pd]>>[#6:1]",,,"Aryl Bromide, Aryl Iodide, Vinyl or Alkynyl Bromide, Vinyl or Alkynyl Iodide",Palladium,"Poly-Aryl Br or I, Poly-Vinyl or Alkynyl Bromide or Iodide, Aryl AND Vinyl or Alkynyl Bromide or Iodide",,Sp2-Sp2 Single Bond (Aromatic or Vinyl),[2H]CC1=CC=C(Br)C=C1,[Pd]C[2H],[2H]CC1=CC=CC=C1,N
Blank (Halide Reduction (Cl Br or I)),Blank (Halide Reduction (Cl Br or I)),ChemAxon-Halide-Reduction-Cl-Br-or-I,"[$(c),$(C(=,#C)):1][Cl,Br,I].[Pd]>>[#6:1]",,,"Aryl Chloride, Aryl Bromide, Aryl Iodide, Vinyl or Alkynyl Chloride, Vinyl or Alkynyl Bromide, Vinyl or Alkynyl Iodide",Palladium,"Poly-Aryl Cl Br or I, Poly-Vinyl or Alkynyl Chloride Bromide or Iodide, Aryl AND Vinyl or Alkynyl Chloride Bromide or Iodide",,Sp2-Sp2 Single Bond (Aromatic or Vinyl),[2H]CC1=CC=C(Br)C=C1,[Pd]C[2H],[2H]CC1=CC=CC=C1,N
Blank (No Reaction),Blank (No Reaction),ChemAxon-Null-Reaction,[*:1]>>[*:1],,,Any Atom,,,,Any Atom,CC[2H],,CC[2H],N
Blank (SNAr of Hydroxide),Blank (SNAr of Hydroxide),ChemAxon-SNAr-of-Hydroxide,"[Cl,F][c$([cr6R1]@[aR1][$([NX3](=O)=O),$([NX3+](=O)[O-])]),c$([cr6R1]@[aR1]@[aR1]@[aR1][$([NX3](=O)=O),$([NX3+](=O)[O-])]),c$([cr6R1]@[aR1]C#N),c$([cr6R1]@[aR1]@[aR1]@[aR1]C#N),c$([cr6R1]@[nR1]),c$([cr6R1]@[aR1]@[aR1]@[nR1]),c$([cr5R1](@[$([nH1R1]),$([nR1]!@*),$([oR1]),$([sR1])])@[nR1]),c$([cr5R1](@[$([nH1R1]),$([nR1]!@*),$([oR1]),$([sR1])])[aR1][aR1][nR1]),c$([cr5R1]@[nR1]@[$([nH1R1]),$([nR1]!@*),$([oR1]),$([sR1])]):1].[Na]O>>[c:1]O",,,"SNAr F, SNAr Cl",Sodium,"Poly-SNAr F or Cl, Alkyl Halide",,Phenol,[2H]CC1=CN=C(Cl)N=C1,O[Na],[2H]CC1=CN=C(O)N=C1,N
Blank (XLIB0083 Azide Intermediate),Blank (XLIB0083 Azide Intermediate),Blank (XLIB0083 Azide Intermediate),"[NX3H2;!$([NX3][A]=,#[A$([!#6])]):1][#6:2]>>[#6:2]N=[N+]=[N-]",,,"Primary Aliphatic Amine,  Primary Aromatic Amine",,"Secondary Aliphatic Amine, Secondary Aromatic Amine, Poly-Amine",,Azide,[2H]CN,,[2H]CN=[N+]=[N-],N
Blank (XLIB0112 Diketopiperazine Intermediate),Blank (XLIB0112 Diketopiperazine Intermediate),ChemAxon-Blank-XLIB0112-Diketopiperazine-Intermediate,"[CX4H3][CX4H2][OX2][CX3:1](=[OX1])[CX4:2][NX3!H0;!$([NX3][A]=,#[A$([!#6])]):3]>>[N:3]1C(=O)CO[C:1](=O)[C:2]1",,,Alpha Amino Ethyl Ester,,"Poly-Amine, Amine-Heteroatom, Amidine, Poly-Ester, Alkyl Halide, Aromatic NNH",,,CN[C@@H](C[2H])C(OCC)=O,,CN(C(CO1)=O)[C@H](C1=O)C[2H],Y
Blank (XLIB0152 Oxazole Intermediate),Blank (XLIB0152 Oxazole Intermediate),Blank (XLIB0152 Oxazole Intermediate),[CX3H1](=O)[#6:1]>>C(=O)C(N=C1)=C(O1)[#6:1],,,Aldehyde,,"Alkene (Acyclic), Alkene (Terminal), Alkene (Heterosubstituted), Alkyne, Poly-Alkene, Allene, Poly-Aldehyde, Ketone, Vicinal Diol","Poly-Amine, Amine-Heteroatom, Amidine",,[2H]CC=O,,C(=O)C1=C(C[2H])OC=N1,Y
Blank (Acylation of AcOSu),Blank (Acylation of AcOSu),Blank (Acylation of AcOSu),"[NX3!H0;!$([NX3][A]=,#[A$([!#6])]):1][#6:2]>>CC(=O)[N:1][#6:2]",,,"Primary Aliphatic Amine, Primary Aromatic Amine, Secondary Aliphatic Amine, Secondary Aromatic Amine, Amine-Heteroatom",,"Poly-Amine, Amidine, Aromatic NNH",,"Secondary Amide, Tertiary Amide",[2H]CN,,[2H]CNC(=O)C,N
Boc Deprotection,Boc Deprotection,CA DeBoc,[#6:1][N:2]C(OC([CH3])([CH3])[CH3])=O>>[N:2][#6:1],Boc Deprotection,,"Boc Protected Primary Amine, Boc Protected Secondary Amine",,"Poly-Boc Amine, Fmoc Protected Amine",,"Primary Aliphatic Amine, Primary Aromatic Amine, Secondary Aliphatic Amine, Secondary Aromatic Amine",[2H]CNC(OC(C)(C)C)=O,,NC[2H],N
Boronic Ester To Acid,Boronic Ester To Acid,Boronic Ester To Acid,[*:1][B:2]([O:3][*])O[*]>>[*:1][B:2]([O:3][H])O[H],,,Boronic Ester,,,,Boronic Acid,[2H]CC1=CC=C(B2OC(C)(C)C(C)(C)O2)C=C1,,[2H]CC1=CC=C(B(O)O)C=C1,N
Click (Amine and Aldehyde),Click (Amine and Aldehyde),ChemAxon-Click-AmineAndAldehyde,"[NX3H2;!$([N][!#6]);!$([NX3][A]=,#[A$([!#6])]):1][#6:2].[CX3H1:3](=O)[#6:5]>>[#6:2][N:1]1N=N[#6:3]([#6:5])=C1",,,"Primary Aliphatic Amine, Primary Aromatic Amine",Aldehyde,"Poly-Amine, Amine-Heteroatom","Poly-Aldehyde, Sulfonyl Chloride, Isocyanate, NHS Ester, Acyl or Thioacyl Halide, Oximinoyl Chloride, Nitrophenyl Formate",123-triazole,[2H]CN,[2H]CC=O,[2H]CC1=CN(C[2H])N=N1,Y
Click (Azide and Alkyne),Click (Azide and Alkyne),ChemAxon-Click-Azide_and_Alkyne,"[#6:2][N]=[N+]=[$([N-]),$([NH1])].[#6:1][CX2]#[CX2H1]>>[#6:1]C1=CN([#6:2])N=N1",,,Azide,Terminal Alkyne,Poly-Azide,Poly-Terminal Alkyne,123-triazole,[2H]CN=[N+]=[N-],[2H]CC#C,[2H]CC1=CN(C[2H])N=N1,N
Click (Azide and Alkyne) (Intramolecular),Click (Azide and Alkyne) (Intramolecular),ChemAxon-Intramolecular_Click,([#6:1]N=[N+]=[N-].[#6:2][CX2]#[CH1])>>[#6:1]N1N=NC(=C1)[#6:2],,,Terminal Alkyne-Azide,,,,123-triazole,[N-]=[N+]=NCCC[C@@H]([2H])CCCC#C,,[2H][C@@H]1CCCN2C=C(CCC1)N=N2,N
Ester Hydrolysis,Ester Hydrolysis,CA Ester Hydrolysis,[#6][O:1][CX3R0:2]([#6:3])=[O:4]>>[OH1:1][C:2]([#6:3])=[O:4],,,Ester (Acyclic),,"Poly-Ester, Fmoc Protected Amine",,Carboxylic Acid,[2H]CC(OC)=O,,OC(C[2H])=O,N
Fmoc Deprotection,Fmoc Deprotection,CA DeFmoc,O=C(OCC1c2c(c3ccccc31)cccc2)[N:1][#6:2]>>[N:1][#6:2],,,"Fmoc Protected Primary Amine, Fmoc Protected Secondary Amine",,Poly-Fmoc Amine,,"Primary Aliphatic Amine, Primary Aromatic Amine, Secondary Aliphatic Amine, Secondary Aromatic Amine",[2H]CNC(OCC1C(C=CC=C2)=C2C3=C1C=CC=C3)=O,,NC[2H],N
Glyoxal Cyclization,Glyoxal Cyclization,ChemAxon-Glyoxal-Cyclization,"([NX3!H0;!$([N][!#6]);!$([NX3][A]=,#[A$([!#6])]):1][#6:2].[NX3!H0;!$([N][!#6]);!$([NX3][A]=,#[A$([!#6])]):3][#6:4])>>[#6:2][N:1]CC[N:3][#6:4]",,,"12 Diamine, 13 Diamine",,,,,CNCCNC[2H],,CN(CC1)CCN1C[2H],N
Hydrazone Condensation,Hydrazone Condensation,ChemAxon-Hydrazone-Condensation,"[C$([CX3H1]=O):4](=O)[#6:5].[NX3H1!$([NX3][A]=,#[AR0$([!#6])]);$([NX3H1][NX3H2]):1]([NX3H2:2])[#6:3]>>[#6:3][#7:1][#7:2]=[C:4][#6:5]",,,Aldehyde,Hydrazine,,"Hydrazide, Thiosemicarbazide",Hydrazone,[2H]CC=O,[2H]CNN,[2H]CNN=CC[2H],N
Michael Addition (Vinyl Sulfone BBs),Michael Addition (Vinyl Sulfone BBs),ChemAxon-VinylSulfone-Michael-Jun2019,"[NX3!H0;!$([NX3][A]=,#[A$([!#6])]):1][#6:2].[CX3!$(Cc):3]=[CX3:4][S:5](=O)(=O)[#6:6]>>[#6:2][N:1][#6:3][#6:4][S:5](=O)(=O)[#6:6]",,,"Secondary Aliphatic Amine, Secondary Aromatic Amine, Amine-Heteroatom",Alpha-Beta Unsaturated Sulfoxide or Sulfone,"Poly-Amine, Amidine, Aromatic NNH","Sulfonyl Chloride, Isocyanate, NHS Ester, Nitrophenyl Formate, Acyl or Thioacyl Halide, Oximinoyl Chloride, Nitrophenyl Formate, Aromatic NNH, Primary Aliphatic Amine, Primary Aromatic Amine",Sulfone,[2H]CNC,C=CS(C[2H])(=O)=O,[2H]CN(C)CCS(=O)(=O)C[2H],N
Michael Addition (Vinyl Sulfone BBs) (Aliphatic Amine Only),Michael Addition (Vinyl Sulfone BBs) (Aliphatic Amine Only),ChemAxon-VinylSulfone-Michael-AliphaticAmineOnly,"[NX3!H0;!$(Nc);!$([NX3][A]=,#[A$([!#6])]):1][#6:2].[CX3!$(Cc):3]=[CX3:4][S:5](=O)(=O)[#6:6]>>[#6:2][N:1][#6:3][#6:4][S:5](=O)(=O)[#6:6]",,,"Secondary Aliphatic Amine, Amine-Heteroatom",Alpha-Beta Unsaturated Sulfoxide or Sulfone,"Amidine, Aromatic NNH","Sulfonyl Chloride, Isocyanate, NHS Ester, Nitrophenyl Formate, Acyl or Thioacyl Halide, Oximinoyl Chloride, Nitrophenyl Formate, Aromatic NNH, Primary Aliphatic Amine, Primary Aromatic Amine, Secondary Aromatic Amine",Sulfone,[2H]CNC,C=CS(C[2H])(=O)=O,[2H]CN(C)CCS(=O)(=O)C[2H],N
Nitro Reduction (Aliphatic and Aromatic),Nitro Reduction (Aliphatic and Aromatic),CA Nitro Reduction,"[N$([NX3](=O)=O),$([NX3+](=O)[O-])][#6:1]>>[#6:1]N",,,Nitro,,Poly-Nitro,,"Primary Aliphatic Amine, Primary Aromatic Amine",[O-][N+](C[2H])=O,,NC[2H],N
Nitro Reduction (Aromatic Only),ChemAxon-Aromatic-Nitro-Reduction,ChemAxon-Aromatic-Nitro-Reduction,"[N$([NX3](=O)=O),$([NX3+](=O)[O-])][c:1]>>[c:1]N",,,Nitro (Aromatic),,Poly-Nitro,,Primary Aromatic Amine,[O-][N+](C1=CC=C(C[2H])C=C1)=O,,NC1=CC=C(C[2H])C=C1,N
Pyrazole Formation (Hydrazones and Nitroalkenes),Pyrazole Formation (Hydrazones and Nitroalkenes),ChemAxon-Pyrazole-NitroalkeneCyclization,"[#6:1][NX3H1:2][NX2H0:3]=[CX3H1:4].[C:5]=[C:6][$([NX3:8](=O)=O),$([NX3+:8](=O)[O-])]>>[#6:1][#7:2]1[#7:3]=[#6:4][#6:6]=[#6:5]1","Hydrazines Pyrazole Formation, Hydrazines",Nitroalkenes- Pyrazole Formation,Hydrazone,Nitroalkene,,,Pyrazole,CC=NNC[2H],O=[N+]([O-])C=CC[2H],[2H]CN1N=C(C)C=C1C[2H],N
Reductive Alkylation,Reductive Alkylation,CA Reductive Alkylation,"[NX3!H0;!$([NX3][A]=,#[A$([!#6])]):1][#6:2].[C$([CX3H1](=O)[#6]),$([CX3H2]=O):3](=O)>>[N:1]([#6:2])[#6:3]",,Reductive Alkylation,"Secondary Aliphatic Amine, Secondary Aromatic Amine, Amine-Heteroatom",Aldehyde,"Primary Aliphatic Amine, Primary Aromatic Amine, Poly-Amine, Boc Protected Amine, Amidine","Poly-Aldehyde, Ketone, Sulfonyl Chloride, Isocyanate, NHS Ester, Acyl or Thioacyl Halide, Alkyl Halide, Oximinoyl Chloride, Nitrophenyl Formate, Primary Aliphatic Amine, Secondary Aliphatic Amine, Primary Aromatic Amine, Secondary Aromatic Amine","Tertiary Aliphatic Amine, Tertiary Aromatic Amine",[2H]CNC,[2H]CC=O,[2H]CN(C)CC[2H],N
Reductive Alkylation (Non-Heteroaryl Amine Only),ChemAxon-ReductiveAlkylation-NonHeteroarylAmineOnly,ChemAxon-ReductiveAlkylation-NonHeteroarylAmineOnly,"[NX3!H0;!$(N[c$([cr6R1]@[aR1][$([NX3](=O)=O),$([NX3+](=O)[O-])]),c$([cr6R1]@[aR1]@[aR1]@[aR1][$([NX3](=O)=O),$([NX3+](=O)[O-])]),c$([cr6R1]@[aR1]C#N),c$([cr6R1]@[aR1]@[aR1]@[aR1]C#N),c$([cr6R1]@[nR1]),c$([cr6R1]@[aR1]@[aR1]@[nR1]),c$([cr5R1](@[$([nH1R1]),$([nR1]!@*),$([oR1]),$([sR1])])@[nR1]),c$([cr5R1](@[$([nH1R1]),$([nR1]!@*),$([oR1]),$([sR1])])[aR1][aR1][nR1]),c$([cr5R1]@[nR1]@[$([nH1R1]),$([nR1]!@*),$([oR1]),$([sR1])])]);!$([N][!#6]);!$([NX3][A]=,#[A$([!#6])]):1][#6:2].[C$([CX3H1](=O)[#6]),$([CX3H2]=O):3](=O)>>[N:1]([#6:2])[#6:3]",,Reductive Alkylation,"Secondary Aliphatic Amine, Secondary Aromatic Amine, Amine-Heteroatom",Aldehyde,"Primary Aliphatic Amine, Primary Aromatic Amine, Boc Protected Amine, Amidine","Poly-Aldehyde, Ketone, Sulfonyl Chloride, Isocyanate, NHS Ester, Acyl or Thioacyl Halide, Alkyl Halide, Oximinoyl Chloride, Nitrophenyl Formate, Primary Aliphatic Amine, Secondary Aliphatic Amine, Primary Aromatic Amine, Secondary Aromatic Amine",Tertiary Aliphatic Amine,[2H]CNC,[2H]CC=O,[2H]CN(C)CC[2H],N
Reductive Alkylation of on-DNA Primary Aromatic Amines (Addition of only one equiv.),ChemAxon-Reductive-Alkylation-Primary-Amine-Monoalkylation,ChemAxon-Reductive-Alkylation-Primary-Amine-Monoalkylation,"[NX3H2;!$([NX3][A]=,#[A$([!#6])]):1][#6:2].[C$([CX3H1](=O)[#6]),$([CX3H2]=O):3](=O)>>[N:1]([#6:2])[#6:3]",,,Primary Aromatic Amine,Aldehyde,"Amine-Heteroatom, Primary Aliphatic Amine, Secondary Aliphatic Amine, Amidine","Poly-Aldehyde, Ketone, Sulfonyl Chloride, Isocyanate, NHS Ester, Nitrophenyl Formate, Acyl or Thioacyl Halide, Oximinoyl Chloride",Secondary Aromatic Amine,[2H]CN,[2H]CC=O,[2H]CNCC[2H],N
Reductive Amination,Reductive Amination,CA Reductive Amination,"[C$([CX3H1](=O)[#6]),$([CX3H2]=O):3](=O).[NX3!H0;!$([NX3][A]=,#[A$([!#6])]):1][#6:2]>>[N:1]([#6:2])[#6:3]",,"Reductive Amination, Reductive Amination-40C",Aldehyde,"Primary Aliphatic Amine, Secondary Aliphatic Amine, Primary Aromatic Amine, Secondary Aromatic Amine","Poly-Aldehyde, Ketone","Poly-Amine, Amine-Heteroatom, Amidine, Boc Protected Amine","Secondary Aliphatic Amine, Secondary Aromatic Amine, Tertiary Aliphatic Amine, Tertiary Aromatic Amine",[2H]CC=O,[2H]CN,[2H]CNCC[2H],N
Reductive Amination (Primary Amines),Reductive Amination,CA Reductive Amination,"[C$([CX3H1](=O)[#6]),$([CX3H2]=O):3](=O).[NX3!H0;!$([NX3][A]=,#[A$([!#6])]):1][#6:2]>>[N:1]([#6:2])[#6:3]",,"Reductive Amination, Reductive Amination-40C",Aldehyde,"Primary Aliphatic Amine, Primary Aromatic Amine","Poly-Aldehyde, Ketone","Poly-Amine, Amine-Heteroatom, Amidine, Boc Protected Amine","Secondary Aliphatic Amine, Secondary Aromatic Amine",[2H]CC=O,[2H]CN,[2H]CNCC[2H],N
Reductive Amination (Secondary Amines),Reductive Amination,CA Reductive Amination,"[C$([CX3H1](=O)[#6]),$([CX3H2]=O):3](=O).[NX3!H0;!$([NX3][A]=,#[A$([!#6])]):1][#6:2]>>[N:1]([#6:2])[#6:3]",,"Reductive Amination, Reductive Amination-40C",Aldehyde,"Secondary Aliphatic Amine, Secondary Aromatic Amine","Poly-Aldehyde, Ketone","Poly-Amine, Amine-Heteroatom, Amidine, Boc Protected Amine","Tertiary Aliphatic Amine, Tertiary Aromatic Amine",[2H]CC=O,[2H]CNC,[2H]CN(C)CC[2H],N
Reductive Amination (Symmetric Mono Boc Triamines),Reductive Amination,CA Reductive Amination,"[C$([CX3H1](=O)[#6]),$([CX3H2]=O):3](=O).[NX3!H0;!$([NX3][A]=,#[A$([!#6])]):1][#6:2]>>[N:1]([#6:2])[#6:3]",,"Reductive Amination, Reductive Amination-40C",Aldehyde,"Secondary Aliphatic Amine, Secondary Aromatic Amine","Poly-Aldehyde, Ketone","Amine-Heteroatom, Amidine","Tertiary Aliphatic Amine, Tertiary Aromatic Amine",[2H]CC=O,[2H]CNC,[2H]CN(C)CC[2H],N
Reductive Amination (Intramolecular),Reductive Amination (Intramolecular),ChemAxon-Intramolecular_Reductive_Amination,"([C$([CX3H1](=O)[#6]),$([CX3H2]=O):3](=O).[NX3!H0;!$([NX3][A]=,#[A$([!#6])]):1][#6:2])>>[N:1]([#6:2])[#6:3]",,,Primary or secondary aliphatic or aromatic amine and aldehyde,,,,"Secondary Aliphatic Amine, Secondary Aromatic Amine, Tertiary Aliphatic Amine, Tertiary Aromatic Amine",NCCC[C@H](CCCC=O)[2H],,[2H][C@H]1CCCCNCCC1,N
Reductive Amination (Ketones and Aldehydes),Reductive Amination (Ketones and Aldehydes),ChemAxon-ReductiveAmination-KetonesAndAldehydes,"[CX3:3]([#6:4])(=O)[#6,#1:5].[NX3!H0;!$([N][!#6]);!$([NX3][A]=,#[A$([!#6])]):1][#6:2]>>[N:1]([#6:2])[#6:3]([*:4])[*:5]",,,"Ketone, Aldehyde","Primary Aliphatic Amine, Primary Aromatic Amine, Secondary Aliphatic Amine, Secondary Aromatic Amine","Poly-Ketone, Poly-Aldehyde, Ketone and Aldehyde","Poly-Amine, Amine-Heteroatom, Amidine, Boc Protected Amine","Secondary Aliphatic Amine, Secondary Aromatic Amine, Tertiary Aliphatic Amine, Tertiary Aromatic Amine",[2H]CC(C)=O,[2H]CN,[2H]CC(NC[2H])C,N
Reductive Amination (Ketones and Aldehydes) (Primary Amines),Reductive Amination (Ketones and Aldehydes),ChemAxon-ReductiveAmination-KetonesAndAldehydes,"[CX3:3]([#6:4])(=O)[#6,#1:5].[NX3!H0;!$([N][!#6]);!$([NX3][A]=,#[A$([!#6])]):1][#6:2]>>[N:1]([#6:2])[#6:3]([*:4])[*:5]",,,"Ketone, Aldehyde","Primary Aliphatic Amine, Primary Aromatic Amine","Poly-Ketone, Poly-Aldehyde, Ketone and Aldehyde","Poly-Amine, Amine-Heteroatom, Amidine, Boc Protected Amine","Secondary Aliphatic Amine, Secondary Aromatic Amine",[2H]CC(C)=O,[2H]CN,[2H]CC(NC[2H])C,N
Reductive Amination (Ketones and Aldehydes) (Secondary Amines),Reductive Amination (Ketones and Aldehydes),ChemAxon-ReductiveAmination-KetonesAndAldehydes,"[CX3:3]([#6:4])(=O)[#6,#1:5].[NX3!H0;!$([N][!#6]);!$([NX3][A]=,#[A$([!#6])]):1][#6:2]>>[N:1]([#6:2])[#6:3]([*:4])[*:5]",,,"Ketone, Aldehyde","Secondary Aliphatic Amine, Secondary Aromatic Amine","Poly-Ketone, Poly-Aldehyde, Ketone and Aldehyde","Poly-Amine, Amine-Heteroatom, Amidine, Boc Protected Amine","Tertiary Aliphatic Amine, Tertiary Aromatic Amine",[2H]CC(C)=O,[2H]CNC,[2H]CC(N(C)C[2H])C,N
Reverse Amidation,Reverse Amidation,CA Reverse Amidation,"[CX3:3]([$([OH1]),$([O-]),$([F,Cl,Br,I]),$(ON1C(=O)CCC1=O)])(=[O:5])[#6:4].[NX3!H0;!$([NX3][A]=,#[A$([!#6])]):1][#6:2]>>[#6:4][C:3](=[O:5])[N:1][#6:2]",,"Reverse Amidation, Formyl Acids-Reverse Amidation",Carboxylic Acid,"Primary Aliphatic Amine, Primary Aromatic Amine, Secondary Aliphatic Amine, Secondary Aromatic Amine","Poly-Carboxylic Acid, Primary Aliphatic Amine, Secondary Aliphatic Amine, Primary Aromatic Amine, Amine-Heteroatom, Alkyl Halide, Amidine","Poly-Amine, Amine-Heteroatom, Amidine, Aromatic NNH","Secondary Amide, Tertiary Amide",[2H]CC(O)=O,[2H]CN,O=C(NC[2H])C[2H],N
Reverse Amidation (Primary Amines),Reverse Amidation,CA Reverse Amidation,"[CX3:3]([$([OH1]),$([O-]),$([F,Cl,Br,I]),$(ON1C(=O)CCC1=O)])(=[O:5])[#6:4].[NX3!H0;!$([NX3][A]=,#[A$([!#6])]):1][#6:2]>>[#6:4][C:3](=[O:5])[N:1][#6:2]",,"Reverse Amidation, Formyl Acids-Reverse Amidation",Carboxylic Acid,"Primary Aliphatic Amine, Primary Aromatic Amine","Poly-Carboxylic Acid, Primary Aliphatic Amine, Secondary Aliphatic Amine, Primary Aromatic Amine, Amine-Heteroatom, Alkyl Halide, Amidine","Poly-Amine, Amine-Heteroatom, Amidine, Aromatic NNH",Secondary Amide,[2H]CC(O)=O,[2H]CN,O=C(NC[2H])C[2H],N
Reverse Amidation (Secondary Amines),Reverse Amidation,CA Reverse Amidation,"[CX3:3]([$([OH1]),$([O-]),$([F,Cl,Br,I]),$(ON1C(=O)CCC1=O)])(=[O:5])[#6:4].[NX3!H0;!$([NX3][A]=,#[A$([!#6])]):1][#6:2]>>[#6:4][C:3](=[O:5])[N:1][#6:2]",,"Reverse Amidation, Formyl Acids-Reverse Amidation",Carboxylic Acid,"Secondary Aliphatic Amine, Secondary Aromatic Amine","Poly-Carboxylic Acid, Primary Aliphatic Amine, Secondary Aliphatic Amine, Primary Aromatic Amine, Amine-Heteroatom, Alkyl Halide, Amidine","Poly-Amine, Amine-Heteroatom, Amidine, Aromatic NNH",Tertiary Amide,[2H]CC(O)=O,[2H]CNC,O=C(N(C)C[2H])C[2H],N
SN2 (Alkyl Halide or Tosylate BBs),SN2 (Alkyl Halide or Tosylate BBs),ChemAxon-SN2-AlkylHalideBBs,"[NX3H1;!$([NX3][A]=,#[A$([!#6])]):1]([#6:2])[#6:3].[CX4:4][Cl,Br,I,$(OS(=O)(=O)c1ccc(C)cc1)]>>[N:1]([#6:2])([#6:3])[#6:4]",,,"Secondary Aliphatic Amine, Secondary Aromatic Amine, Amine-Heteroatom","Alkyl Cl Br or I (Not Tertiary), Alkyl Tosylate (Not Tertiary)","Poly-Amine, Amidine, Aromatic NNH","Sulfonyl Chloride, Isocyanate, NHS Ester, Nitrophenyl Formate, Acyl or Thioacyl Halide, Oximinoyl Chloride, Primary Aliphatic Amine, Secondary Aliphatic Amine, Primary Aromatic Amine, Secondary Aromatic Amine, Amine-Heteroatom, Aromatic NNH, Poly-Alkyl Tosylate (Not Tertiary)","Secondary Aliphatic Amine, Secondary Aromatic Amine, Tertiary Aliphatic Amine, Tertiary Aromatic Amine",[2H]CNC,BrCC[2H],[2H]CCN(C)C[2H],N
SN2 (Amine BBs),SN2 (Amine BBs),ChemAxon-SN2-Alkyl-Cl_Br_or_I,"[CX4H2:1][Cl,Br,I].[NX3!H0;!$([N][!#6]);!$([NX3][A]=,#[A$([!#6])]):3][#6:2]>>[C:1][N:3][#6:2]",,SN2,Alkyl Cl Br or I (Not Tertiary),"Primary Aliphatic Amine, Primary Aromatic Amine, Secondary Aliphatic Amine, Secondary Aromatic Amine",,"Poly-Amine, Amine-Heteroatom, Amidine, Aromatic NNH, Boc Protected Amine","Secondary Aliphatic Amine, Secondary Aromatic Amine, Tertiary Aliphatic Amine, Tertiary Aromatic Amine",BrCC[2H],[2H]CNC,[2H]CCN(C)C[2H],N
SN2 (Primary Amines),SN2 (Amine BBs),ChemAxon-SN2-Alkyl-Cl_Br_or_I,"[CX4H2:1][Cl,Br,I].[NX3!H0;!$([N][!#6]);!$([NX3][A]=,#[A$([!#6])]):3][#6:2]>>[C:1][N:3][#6:2]",,SN2,Alkyl Cl Br or I (Not Tertiary),"Primary Aliphatic Amine, Primary Aromatic Amine",,"Poly-Amine, Amine-Heteroatom, Amidine, Aromatic NNH, Boc Protected Amine","Secondary Aliphatic Amine, Secondary Aromatic Amine",BrCC[2H],[2H]CN,[2H]CCNC[2H],N
SN2 (Secondary Amines),SN2 (Amine BBs),ChemAxon-SN2-Alkyl-Cl_Br_or_I,"[CX4H2:1][Cl,Br,I].[NX3!H0;!$([N][!#6]);!$([NX3][A]=,#[A$([!#6])]):3][#6:2]>>[C:1][N:3][#6:2]",,SN2,Alkyl Cl Br or I (Not Tertiary),Secondary Aliphatic Amine,,"Poly-Amine, Amine-Heteroatom, Amidine, Aromatic NNH, Boc Protected Amine","Tertiary Aliphatic Amine, Tertiary Aromatic Amine",BrCC[2H],[2H]CNC,[2H]CCN(C)C[2H],N
SNAr (Amines),SNAr (Amines),CA SNAr with Amine BBs,"[Cl,F][c$([cr6R1]@[aR1][$([NX3](=O)=O),$([NX3+](=O)[O-])]),c$([cr6R1]@[aR1]@[aR1]@[aR1][$([NX3](=O)=O),$([NX3+](=O)[O-])]),c$([cr6R1]@[aR1]C#N),c$([cr6R1]@[aR1]@[aR1]@[aR1]C#N),c$([cr6R1]@[nR1]),c$([cr6R1]@[aR1]@[aR1]@[nR1]),c$([cr5R1](@[$([nH1R1]),$([nR1]!@*),$([oR1]),$([sR1])])@[nR1]),c$([cr5R1](@[$([nH1R1]),$([nR1]!@*),$([oR1]),$([sR1])])[aR1][aR1][nR1]),c$([cr5R1]@[nR1]@[$([nH1R1]),$([nR1]!@*),$([oR1]),$([sR1])]):1].[$([NX3!H0;!$([NX3][A]=,#[A$([!#6])])]):2][#6:3]>>[c:1][N:2][#6:3]",,"SNAR-Cl, SNAR-Br","SNAr F, SNAr Cl","Primary Aliphatic Amine, Primary Aromatic Amine, Secondary Aliphatic Amine, Secondary Aromatic Amine","Poly-SNAr F or Cl, Alkyl Halide","Poly-Amine, Phenol, Amidine, Boc Protected Amine","Secondary Aromatic Amine, Tertiary Aromatic Amine",[2H]CC1=CN=C(Cl)N=C1,[2H]CNC,[2H]CC1=CN=C(N=C1)N(C)C[2H],N
SNAr (Phenols),SNAr (Phenols),SNAr (Phenols),"[Cl,F][c$([cr6R1]@[aR1][$([NX3](=O)=O),$([NX3+](=O)[O-])]),c$([cr6R1]@[aR1]@[aR1]@[aR1][$([NX3](=O)=O),$([NX3+](=O)[O-])]),c$([cr6R1]@[aR1]C#N),c$([cr6R1]@[aR1]@[aR1]@[aR1]C#N),c$([cr6R1]@[nR1]),c$([cr6R1]@[aR1]@[aR1]@[nR1]),c$([cr5R1](@[$([nH1R1]),$([nR1]!@*),$([oR1]),$([sR1])])@[nR1]),c$([cr5R1](@[$([nH1R1]),$([nR1]!@*),$([oR1]),$([sR1])])[aR1][aR1][nR1]),c$([cr5R1]@[nR1]@[$([nH1R1]),$([nR1]!@*),$([oR1]),$([sR1])]):1].[OH1:2][c:3]>>[c:1][O:2][c:3]",,"SNAR-Cl, SNAR-Br","SNAr F, SNAr Cl",Phenol,"Poly-SNAr F or Cl, Alkyl Halide","Primary Aliphatic Amine, Primary Aromatic Amine, Secondary Aliphatic Amine, Secondary Aromatic Amine, Poly-Phenol, Hydrazine, Hydrazide, Semicarbazide, Thiosemicarbazide, Amidine, Boc Protected Amine",Ether (Aromatic - Aromatic),[2H]CC1=CN=C(Cl)N=C1,[2H]CC1=CC=C(C=C1)O,[2H]CC1=CN=C(OC(C=C2)=CC=C2C[2H])N=C1,N
SNAr (Primary Amines),SNAr (Amines),CA SNAr with Amine BBs,"[Cl,F][c$([cr6R1]@[aR1][$([NX3](=O)=O),$([NX3+](=O)[O-])]),c$([cr6R1]@[aR1]@[aR1]@[aR1][$([NX3](=O)=O),$([NX3+](=O)[O-])]),c$([cr6R1]@[aR1]C#N),c$([cr6R1]@[aR1]@[aR1]@[aR1]C#N),c$([cr6R1]@[nR1]),c$([cr6R1]@[aR1]@[aR1]@[nR1]),c$([cr5R1](@[$([nH1R1]),$([nR1]!@*),$([oR1]),$([sR1])])@[nR1]),c$([cr5R1](@[$([nH1R1]),$([nR1]!@*),$([oR1]),$([sR1])])[aR1][aR1][nR1]),c$([cr5R1]@[nR1]@[$([nH1R1]),$([nR1]!@*),$([oR1]),$([sR1])]):1].[$([NX3!H0;!$([NX3][A]=,#[A$([!#6])])]):2][#6:3]>>[c:1][N:2][#6:3]",,"SNAR-Cl, SNAR-Br","SNAr F, SNAr Cl","Primary Aliphatic Amine, Primary Aromatic Amine","Poly-SNAr F or Cl, Alkyl Halide","Poly-Amine, Phenol, Amidine, Boc Protected Amine",Secondary Aromatic Amine,[2H]CC1=CN=C(Cl)N=C1,[2H]CN,[2H]CC1=CN=C(N=C1)NC[2H],N
SNAr (Secondary Amines),SNAr (Amines),CA SNAr with Amine BBs,"[Cl,F][c$([cr6R1]@[aR1][$([NX3](=O)=O),$([NX3+](=O)[O-])]),c$([cr6R1]@[aR1]@[aR1]@[aR1][$([NX3](=O)=O),$([NX3+](=O)[O-])]),c$([cr6R1]@[aR1]C#N),c$([cr6R1]@[aR1]@[aR1]@[aR1]C#N),c$([cr6R1]@[nR1]),c$([cr6R1]@[aR1]@[aR1]@[nR1]),c$([cr5R1](@[$([nH1R1]),$([nR1]!@*),$([oR1]),$([sR1])])@[nR1]),c$([cr5R1](@[$([nH1R1]),$([nR1]!@*),$([oR1]),$([sR1])])[aR1][aR1][nR1]),c$([cr5R1]@[nR1]@[$([nH1R1]),$([nR1]!@*),$([oR1]),$([sR1])]):1].[$([NX3!H0;!$([NX3][A]=,#[A$([!#6])])]):2][#6:3]>>[c:1][N:2][#6:3]",,"SNAR-Cl, SNAR-Br","SNAr F, SNAr Cl",Secondary Aliphatic Amine,"Poly-SNAr F or Cl, Alkyl Halide","Poly-Amine, Phenol, Amidine, Boc Protected Amine",Tertiary Aromatic Amine,[2H]CC1=CN=C(Cl)N=C1,[2H]CNC,[2H]CC1=CN=C(N=C1)N(C)C[2H],N
SNAr (Nitro Cyano or Heteroaryl F BBs),SNAr (Nitro Cyano or Heteroaryl F BBs),ChemAxon-SNAr with Nitro Cyano or Heteroaryl F BBs,"[$([NX3!H0;!$([NX3][A]=,#[A$([!#6])])]):2][#6:3].[F][c$([cr6R1]@[aR1][$([NX3](=O)=O),$([NX3+](=O)[O-])]),c$([cr6R1]@[aR1]@[aR1]@[aR1][$([NX3](=O)=O),$([NX3+](=O)[O-])]),c$([cr6R1]@[aR1]C#N),c$([cr6R1]@[aR1]@[aR1]@[aR1]C#N),c$([cr6R1]@[nR1]),c$([cr6R1]@[aR1]@[aR1]@[nR1]),c$([cr5R1](@[$([nH1R1]),$([nR1]!@*),$([oR1]),$([sR1])])@[nR1]),c$([cr5R1](@[$([nH1R1]),$([nR1]!@*),$([oR1]),$([sR1])])[aR1][aR1][nR1]),c$([cr5R1]@[nR1]@[$([nH1R1]),$([nR1]!@*),$([oR1]),$([sR1])]):1]>>[c:1][N:2][#6:3]",,,"Primary Aliphatic Amine, Primary Aromatic Amine, Secondary Aliphatic Amine, Secondary Aromatic Amine, Amine-Heteroatom",SNAr F,"Poly-Amine, Boc Protected Amine, Amidine","Poly-SNAr F, Sulfonyl Chloride, Isocyanate, NHS Ester, Acyl or Thioacyl Halide, Alkyl Halide, Primary Aliphatic Amine, Secondary Aliphatic Amine, Primary Aromatic Amine, Secondary Aromatic Amine, Amine-Heteroatom","Secondary Aromatic Amine, Tertiary Aromatic Amine",[2H]CNC,[2H]CC1=CN=C(F)N=C1,[2H]CC1=CN=C(N=C1)N(C)C[2H],N
SNAr (Nitro Cyano or Heteroaryl F or Cl BBs),SNAr (Nitro Cyano or Heteroaryl F or Cl BBs),CA SNAr with Nitro Cyano or Heteroaryl F or Cl BBs,"[$([NX3!H0;!$([NX3][A]=,#[A$([!#6])])]):2][#6:3].[Cl,F][c$([cr6R1]@[aR1][$([NX3](=O)=O),$([NX3+](=O)[O-])]),c$([cr6R1]@[aR1]@[aR1]@[aR1][$([NX3](=O)=O),$([NX3+](=O)[O-])]),c$([cr6R1]@[aR1]C#N),c$([cr6R1]@[aR1]@[aR1]@[aR1]C#N),c$([cr6R1]@[nR1]),c$([cr6R1]@[aR1]@[aR1]@[nR1]),c$([cr5R1](@[$([nH1R1]),$([nR1]!@*),$([oR1]),$([sR1])])@[nR1]),c$([cr5R1](@[$([nH1R1]),$([nR1]!@*),$([oR1]),$([sR1])])[aR1][aR1][nR1]),c$([cr5R1]@[nR1]@[$([nH1R1]),$([nR1]!@*),$([oR1]),$([sR1])]):1]>>[c:1][N:2][#6:3]",,,"Primary Aliphatic Amine, Primary Aromatic Amine, Secondary Aliphatic Amine, Secondary Aromatic Amine, Amine-Heteroatom","SNAr F, SNAr Cl","Poly-Amine, Boc Protected Amine, Amidine","Poly-SNAr F or Cl, Sulfonyl Chloride, Isocyanate, NHS Ester, Acyl or Thioacyl Halide, Nitrophenyl Formate, Primary Aliphatic Amine, Secondary Aliphatic Amine, Primary Aromatic Amine, Secondary Aromatic Amine, Amine-Heteroatom","Secondary Aromatic Amine, Tertiary Aromatic Amine",[2H]CNC,[2H]CC1=CN=C(Cl)N=C1,[2H]CC1=CN=C(N=C1)N(C)C[2H],N
SNAr onto dichlorotriazine (single Cl displacement) (Amines),SNAr onto dichlorotriazine (single Cl displacement) (Amines),SNAr onto dichlorotriazine (single Cl displacement) (Amines),"Cl[c:1]1[n:4][c:5]([Cl:9])[n:6][c:7][n:8]1.[$([NX3!H0;!$([NX3][A]=,#[A$([!#6])])]):2][#6:3]>>[c:1]1([N:2][#6:3])[n:4][c:5]([Cl:9])[n:6][c:7][n:8]1",,SNAR-Cl,Dichlorotriazine,"Primary Aliphatic Amine, Primary Aromatic Amine, Secondary Aliphatic Amine, Secondary Aromatic Amine",,"Poly-Amine, Phenol, Amidine, Hydrazine, Hydrazide, Semicarbazide, Thiosemicarbazide, Amidine, Boc Protected Amine, SNAr F, SNAr Cl","Secondary Aromatic Amine, Tertiary Aromatic Amine",ClC1=NC(C[2H])=NC(Cl)=N1,[2H]CNC,ClC1=NC(C[2H])=NC(N(C)C[2H])=N1,N
SNAr onto dichlorotriazine (single Cl displacement) (Phenols),SNAr onto dichlorotriazine (single Cl displacement) (Phenols),SNAr onto dichlorotriazine (single Cl displacement) (Phenols),Cl[c:1]1[n:4][c:5]([Cl:9])[n:6][c:7][n:8]1.[OH1:2][c:3]>>[c:1]1([O:2][c:3])[n:4][c:5]([Cl:9])[n:6][c:7][n:8]1,,SNAR-Cl,Dichlorotriazine,Phenol,,"Primary Aliphatic Amine, Primary Aromatic Amine, Secondary Aliphatic Amine, Secondary Aromatic Amine, Poly-Phenol, Hydrazine, Hydrazide, Semicarbazide, Thiosemicarbazide, Amidine, Boc Protected Amine, SNAr F, SNAr Cl",Ether (Aromatic - Aromatic),ClC1=NC(C[2H])=NC(Cl)=N1,[2H]CC1=CC=C(C=C1)O,ClC1=NC(C[2H])=NC(OC2=CC=C(C[2H])C=C2)=N1,N
SNAr onto dichlorotriazine (single Cl displacement) (Primary Amines),SNAr onto dichlorotriazine (single Cl displacement) (Primary Amines),SNAr onto dichlorotriazine (single Cl displacement) (Primary Amines),"Cl[c:1]1[n:4][c:5]([Cl:9])[n:6][c:7][n:8]1.[$([NX3H2;!$([NX3][A]=,#[A$([!#6])])]):2][#6:3]>>[c:1]1([N:2][#6:3])[n:4][c:5]([Cl:9])[n:6][c:7][n:8]1",,SNAR-Cl,Dichlorotriazine,"Primary Aliphatic Amine, Primary Aromatic Amine",,"Poly-Amine, Phenol, Amidine, Hydrazine, Hydrazide, Semicarbazide, Thiosemicarbazide, Amidine, Boc Protected Amine, SNAr F, SNAr Cl",Secondary Aromatic Amine,ClC1=NC(C[2H])=NC(Cl)=N1,[2H]CN,ClC1=NC(C[2H])=NC(NC[2H])=N1,N
SNAr onto dichlorotriazine (single Cl displacement) (Secondary Amines),SNAr onto dichlorotriazine (single Cl displacement) (Secondary Amines),SNAr onto dichlorotriazine (single Cl displacement) (Secondary Amines),"Cl[c:1]1[n:5][c:6]([Cl:10])[n:7][c:8][n:9]1.[$([NX3H1;!$([NX3][A]=,#[A$([!#6])])]):2]([#6:3])[#6:4]>>[c:1]1([N:2]([#6:3])[#6:4])[n:5][c:6]([Cl:10])[n:7][c:8][n:9]1",,SNAR-Cl,Dichlorotriazine,"Secondary Aliphatic Amine, Secondary Aromatic Amine",,"Poly-Amine, Phenol, Amidine, Hydrazine, Hydrazide, Semicarbazide, Thiosemicarbazide, Amidine, Boc Protected Amine, SNAr F, SNAr Cl",Tertiary Aromatic Amine,ClC1=NC(C[2H])=NC(Cl)=N1,[2H]CNC,ClC1=NC(C[2H])=NC(N(C)C[2H])=N1,N
SNAr onto pyrimidine (2-Cl displacement) (Amine BBs),SNAr onto pyrimidine (2-Cl displacement) (Amine BBs),ChemAxon-Dichloropyrimidine-SecondSNAr-All_Amines,"[c$(c(n)n):1][Cl].[NX3!H0;!$([NX3][A]=,#[A$([!#6])]):2][#6:3]>>[c:1][N:2][#6:3]",,,2-Chloropyrimidine,"Primary Aliphatic Amine, Primary Aromatic Amine, Secondary Aliphatic Amine, Secondary Aromatic Amine","4-Chloropyrimidine, Chlorotriazine","Poly-Amine, Amine-Heteroatom, Amidine","Secondary Aromatic Amine, Tertiary Aromatic Amine",[2H]CC1=NC(Cl)=NC=C1,[2H]CN,[2H]CC1=NC(NC[2H])=NC=C1,N
SNAr onto pyrimidine (2-Cl displacement) (Primary Amines),SNAr onto pyrimidine (2-Cl displacement) (Amine BBs),ChemAxon-Dichloropyrimidine-SecondSNAr-All_Amines,"[c$(c(n)n):1][Cl].[NX3!H0;!$([NX3][A]=,#[A$([!#6])]):2][#6:3]>>[c:1][N:2][#6:3]",,,2-Chloropyrimidine,"Primary Aliphatic Amine, Primary Aromatic Amine","4-Chloropyrimidine, Chlorotriazine","Poly-Amine, Amine-Heteroatom, Amidine",Secondary Aromatic Amine,[2H]CC1=NC(Cl)=NC=C1,[2H]CN,[2H]CC1=NC(NC[2H])=NC=C1,N
SNAr onto pyrimidine (2-Cl displacement) (Secondary Amines),SNAr onto pyrimidine (2-Cl displacement) (Amine BBs),ChemAxon-Dichloropyrimidine-SecondSNAr-All_Amines,"[c$(c(n)n):1][Cl].[NX3!H0;!$([NX3][A]=,#[A$([!#6])]):2][#6:3]>>[c:1][N:2][#6:3]",,,2-Chloropyrimidine,Secondary Aliphatic Amine,"4-Chloropyrimidine, Chlorotriazine","Poly-Amine, Amine-Heteroatom, Amidine",Tertiary Aromatic Amine,[2H]CC1=NC(Cl)=NC=C1,[2H]CNC,[2H]CC1=NC(N(C)C[2H])=NC=C1,N
SNAr onto pyrimidine (4-Cl displacement) (Amine BBs),SNAr onto pyrimidine (4-Cl displacement) (Amine BBs),ChemAxon-Dichloropyrimidine-FirstSNAr-aminesonly,"[c$(cn[cR1]@n):1][Cl].[NX3!H0;!$([NX3][A]=,#[A$([!#6])]):2][#6:3]>>[c:1][N:2][#6:3]",,,4-Chloropyrimidine,"Primary Aliphatic Amine, Primary Aromatic Amine, Secondary Aliphatic Amine, Secondary Aromatic Amine",Chlorotriazine,"Poly-Amine, Amine-Heteroatom, Phenol, Amidine","Secondary Aromatic Amine, Tertiary Aromatic Amine",ClC1=CC(C[2H])=NC=N1,[2H]CN,[2H]CC1=NC=NC(NC[2H])=C1,N
SNAr onto pyrimidine (4-Cl displacement) (Primary Amines),SNAr onto pyrimidine (4-Cl displacement) (Amine BBs),ChemAxon-Dichloropyrimidine-FirstSNAr-aminesonly,"[c$(cn[cR1]@n):1][Cl].[NX3!H0;!$([NX3][A]=,#[A$([!#6])]):2][#6:3]>>[c:1][N:2][#6:3]",,,4-Chloropyrimidine,"Primary Aliphatic Amine, Primary Aromatic Amine",Chlorotriazine,"Poly-Amine, Amine-Heteroatom, Phenol, Amidine",Secondary Aromatic Amine,ClC1=CC(C[2H])=NC=N1,[2H]CN,[2H]CC1=NC=NC(NC[2H])=C1,N
SNAr onto pyrimidine (4-Cl displacement) (Secondary Amines),SNAr onto pyrimidine (4-Cl displacement) (Amine BBs),ChemAxon-Dichloropyrimidine-FirstSNAr-aminesonly,"[c$(cn[cR1]@n):1][Cl].[NX3!H0;!$([NX3][A]=,#[A$([!#6])]):2][#6:3]>>[c:1][N:2][#6:3]",,,4-Chloropyrimidine,Secondary Aliphatic Amine,Chlorotriazine,"Poly-Amine, Amine-Heteroatom, Phenol, Amidine",Tertiary Aromatic Amine,ClC1=CC(C[2H])=NC=N1,[2H]CNC,[2H]CC1=NC=NC(N(C)C[2H])=C1,N
SNAr onto pyrimidine (4-Cl displacement) (Phenol BBs),SNAr onto pyrimidine (4-Cl displacement) (Phenol BBs),ChemAxon-Dichloropyrimidine-FirstSNAr-phenolsonly,[c$(cn[cR1]@n):1][Cl].[OD1h1:2][c:3]>>[c:1][O:2][#6:3],,,4-Chloropyrimidine,Phenol,Chlorotriazine,"Poly-Phenol, Primary Aliphatic Amine, Secondary Aliphatic Amine, Primary Aromatic Amine, Secondary Aromatic Amine, Amine-Heteroatom",Ether (Aromatic - Aromatic),ClC1=CC(C[2H])=NC=N1,OC1=CC=C(C[2H])C=C1,[2H]CC1=CC=C(OC2=CC(C[2H])=NC=N2)C=C1,N
SNAr onto pyrimidine (4-Cl displacement) (Pyrimidine BBs),SNAr onto pyrimidine (4-Cl displacement) (Pyrimidine BBs),ChemAxon-SNAr_onto_dichloropyrimidine,"[$([NX3!H0;!$([NX3][A]=,#[A$([!#6])]);!$(Nc)]),$(([OD1h1]c)):2][#6:3].[c$(cn[cR1]@n):1][Cl].>>[c:1][O,N:2][#6:3]",,,"Primary Aliphatic Amine, Primary Aromatic Amine, Secondary Aliphatic Amine, Secondary Aromatic Amine, Amine-Heteroatom",4-Chloropyrimidine,"Poly-Amine, Boc Protected Amine, Amidine","Chlorotriazine, Primary Aliphatic Amine, Secondary Aliphatic Amine, Primary Aromatic Amine, Secondary Aromatic Amine, Amine-Heteroatom","Secondary Aromatic Amine, Tertiary Aromatic Amine",[2H]CN,ClC1=CC(C[2H])=NC=N1,[2H]CC1=NC=NC(NC[2H])=C1,N
Sulfonamidation,Sulfonamidation,CA Sulfonamidation,"[NX3!H0;!$([NX3][A]=,#[A$([!#6])]):1][#6:2].[S:3](=O)(=O)(Cl)[*:4]>>[N:1]([#6:2])[S:3](=O)(=O)[*:4]",,Sulfonylation,"Primary Aliphatic Amine, Primary Aromatic Amine, Secondary Aliphatic Amine, Secondary Aromatic Amine, Amine-Heteroatom",Sulfonyl Chloride,"Poly-Amine, Amidine, Aromatic NNH","Poly-Sulfonyl Chloride, Isocyanate, NHS Ester, Acyl or Thioacyl Halide, Oximinoyl Chloride, Nitrophenyl Formate, Primary Aliphatic Amine, Secondary Aliphatic Amine, Primary Aromatic Amine, Secondary Aromatic Amine, Aromatic NNH","Sulfonamide, Sulfuric Diamide",[2H]CN,[2H]CS(=O)(Cl)=O,[2H]CS(=O)(NC[2H])=O,N
Sulfonamidation (Non-Heteroaryl Amine Only),Sulfonamidation (Non-Heteroaryl Amine Only),ChemAxon-Sulfonamidation-NonHeteroarylAmineOnly,"[NX3!H0;!$(N[c$([cr6R1]@[aR1][$([NX3](=O)=O),$([NX3+](=O)[O-])]),c$([cr6R1]@[aR1]@[aR1]@[aR1][$([NX3](=O)=O),$([NX3+](=O)[O-])]),c$([cr6R1]@[aR1]C#N),c$([cr6R1]@[aR1]@[aR1]@[aR1]C#N),c$([cr6R1]@[nR1]),c$([cr6R1]@[aR1]@[aR1]@[nR1]),c$([cr5R1](@[$([nH1R1]),$([nR1]!@*),$([oR1]),$([sR1])])@[nR1]),c$([cr5R1](@[$([nH1R1]),$([nR1]!@*),$([oR1]),$([sR1])])[aR1][aR1][nR1]),c$([cr5R1]@[nR1]@[$([nH1R1]),$([nR1]!@*),$([oR1]),$([sR1])])]);!$([NX3][A]=,#[A$([!#6])]):1][#6:2].[S:3](=O)(=O)(Cl)[*:4]>>[N:1]([#6:2])[S:3](=O)(=O)[*:4]",,Sulfonylation,"Primary Aliphatic Amine, Primary Aromatic Amine, Secondary Aliphatic Amine, Secondary Aromatic Amine, Amine-Heteroatom",Sulfonyl Chloride,"Amidine, Aromatic NNH","Poly-Sulfonyl Chloride, Isocyanate, NHS Ester, Acyl or Thioacyl Halide, Oximinoyl Chloride, Nitrophenyl Formate, Primary Aliphatic Amine, Secondary Aliphatic Amine, Primary Aromatic Amine, Secondary Aromatic Amine, Aromatic NNH","Sulfonamide, Sulfuric Diamide",[2H]CN,[2H]CS(=O)(Cl)=O,[2H]CS(=O)(NC[2H])=O,N
Sulfonamidation (Primary Aromatic Amines Only),Sulfonamidation (Primary Aromatic Amines Only),ChemAxon-Sulfonamidation-Primary_Aromatic_Amine_Only,"[NX3H2;$(Nc);!$([NX3][A]=,#[A$([!#6])]):1][#6:2].[S:3](=O)(=O)(Cl)[*:4]>>[N:1]([#6:2])[S:3](=O)(=O)[*:4]",,,Primary Aromatic Amine,Sulfonyl Chloride,"Hydrazine, Hydrazide, Thiosemicarbazide, Amidine, Aromatic NNH","Poly-Sulfonyl Chloride, Isocyanate, NHS Ester, Acyl or Thioacyl Halide, Oximinoyl Chloride, Nitrophenyl Formate, Primary Aliphatic Amine, Secondary Aliphatic Amine, Primary Aromatic Amine, Secondary Aromatic Amine, Aromatic NNH","Sulfonamide, Sulfuric Diamide",[2H]CC1=CC=C(N)C=C1,[2H]CS(=O)(Cl)=O,[2H]CC1=CC=C(NS(C[2H])(=O)=O)C=C1,N
Suzuki (Pd(PPh3)4),Suzuki (Pd(PPh3)4),ChemAxon-Suzuki-Br_and_I_only-Jun2019,"[$(c),$(C(=,#C)):1][Br,I].[O][B+0,-1]([O])[#6:2]>>[#6:1][#6:2]",,"Suzuki-Pd-Br, Suzuk-Pd-Cl","Aryl Bromide, Aryl Iodide, Vinyl or Alkynyl Bromide, Vinyl or Alkynyl Iodide",Boronate (acid or ester),"Poly-Aryl Br or I, Poly-Vinyl or Alkynyl Bromide or Iodide, Aryl AND Vinyl or Alkynyl Bromide or Iodide","Poly-Boronate (acid or ester), Boronic Acid Cyclic Monoester",Sp2-Sp2 Single Bond (Aromatic or Vinyl),[2H]CC1=CC=C(Br)C=C1,[2H]CC1=CC=C(B(O)O)C=C1,[2H]CC1=CC=C(C(C=C2)=CC=C2C[2H])C=C1,N
Suzuki (sSPhos),Suzuki (sSPhos),CA Suzuki,"[$(c),$(C(=,#C)):1][Br,Cl,I].[O][B+0,-1]([O])[#6:2]>>[#6:1][#6:2]",,"Suzuki-ssPhos-Br, Suzuki-ssSPhos-I, Suzuki-ssPhos-Cl","Aryl Chloride, Aryl Bromide, Aryl Iodide, Vinyl or Alkynyl Chloride, Vinyl or Alkynyl Bromide, Vinyl or Alkynyl Iodide",Boronate (acid or ester),"Poly-Aryl Cl Br or I, Poly-Vinyl or Alkynyl Chloride Bromide or Iodide, Aryl AND Vinyl or Alkynyl Chloride Bromide or Iodide","Poly-Boronate (acid or ester), Boronic Acid Cyclic Monoester",Sp2-Sp2 Single Bond (Aromatic or Vinyl),[2H]CC1=CC=C(Br)C=C1,[2H]CC1=CC=C(B(O)O)C=C1,[2H]CC1=CC=C(C(C=C2)=CC=C2C[2H])C=C1,N
Thiourea Formation,Thiourea Formation,ChemAxon-ThioureaFormation,"[NX3!H0;!$([NX3][A]=,#[A$([!#6])]):1][#6:2].[NX3!H0;!$([N][!#6]);!$([NX3][A]=,#[A$([!#6])]):3][#6:4]>>[N:1]([#6:2])C(=S)[N:3][#6:4]",,Thiourea Formation,"Primary Aliphatic Amine, Primary Aromatic Amine","Primary Aliphatic Amine, Primary Aromatic Amine","Poly-Amine, Amine-Heteroatom, Boc Protected Amine, Amidine","Poly-Amine, Amine-Heteroatom",Thiourea,[2H]CN,[2H]CN,[2H]CNC(NC[2H])=S,N
Ullman Coupling,Ullman Coupling,ChemAxon-Ullman,"[$(c),$(C(=,#C)):1][I].[NX3!H0;!$([NX3][A]=,#[A$([!#6])]):3][C:2]>>[#6:1][N:3][#6:2]",,,Aryl Iodide,"Primary Aliphatic Amine, Secondary Aliphatic Amine",Poly-Aryl I,"Poly-Amine, Amine-Heteroatom, Amidine",,[2H]CC1=CC=C(I)C=C1,[2H]CN,[2H]CC1=CC=C(C=C1)NC[2H],N
Urea Formation (Amines),Urea Formation (Amines),ChemAxon-UreaFormation-Amine_Amine,"[NX3!H0;!$([NX3][A]=,#[A$([!#6])]):1][#6:2].[NX3!H0;!$([NX3][A]=,#[A$([!#6])]):3][#6:4]>>[N:1]([#6:2])C(=O)[N:3][#6:4]",,Amines-Urea Formation,"Primary Aliphatic Amine, Primary Aromatic Amine, Secondary Aliphatic Amine, Secondary Aromatic Amine, Amine-Heteroatom","Primary Aliphatic Amine, Primary Aromatic Amine, Secondary Aliphatic Amine, Secondary Aromatic Amine","Poly-Amine, Amidine","Poly-Amine, Amine-Heteroatom, Sulfonyl Chloride, Isocyanate, NHS Ester, Acyl or Thioacyl Halide, Oximinoyl Chloride, Nitrophenyl Formate",Urea,[2H]CN,[2H]CN,[2H]CNC(NC[2H])=O,N
Urea Formation (Primary Amines),Urea Formation (Amines),ChemAxon-UreaFormation-Amine_Amine,"[NX3!H0;!$([NX3][A]=,#[A$([!#6])]):1][#6:2].[NX3!H0;!$([NX3][A]=,#[A$([!#6])]):3][#6:4]>>[N:1]([#6:2])C(=O)[N:3][#6:4]",,Amines-Urea Formation,"Primary Aliphatic Amine, Primary Aromatic Amine, Secondary Aliphatic Amine, Secondary Aromatic Amine, Amine-Heteroatom","Primary Aliphatic Amine, Primary Aromatic Amine","Poly-Amine, Amidine","Poly-Amine, Amine-Heteroatom, Sulfonyl Chloride, Isocyanate, NHS Ester, Acyl or Thioacyl Halide, Oximinoyl Chloride, Nitrophenyl Formate",Urea,[2H]CN,[2H]CN,[2H]CNC(NC[2H])=O,N
Urea Formation (Secondary Amines),Urea Formation (Amines),ChemAxon-UreaFormation-Amine_Amine,"[NX3!H0;!$([NX3][A]=,#[A$([!#6])]):1][#6:2].[NX3!H0;!$([NX3][A]=,#[A$([!#6])]):3][#6:4]>>[N:1]([#6:2])C(=O)[N:3][#6:4]",,Amines-Urea Formation,"Primary Aliphatic Amine, Primary Aromatic Amine, Secondary Aliphatic Amine, Secondary Aromatic Amine, Amine-Heteroatom","Secondary Aliphatic Amine, Secondary Aromatic Amine","Poly-Amine, Amidine","Poly-Amine, Amine-Heteroatom, Sulfonyl Chloride, Isocyanate, NHS Ester, Acyl or Thioacyl Halide, Oximinoyl Chloride, Nitrophenyl Formate",Urea,[2H]CN,[2H]CNC,[2H]CNC(N(C)C[2H])=O,N
Urea Formation (Intramolecular),Urea Formation (Intramolecular),ChemAxon-Urea-Formation-Intramolecular,"([NX3!H0;!$([NX3][A]=,#[A$([!#6])]):1][#6:2].[NX3!H0;!$([NX3][A]=,#[A$([!#6])]):3][#6:4])>>[#6:2][N:1]C(=O)[N:3][#6:4]",,,"12 Diamine, 13 Diamine",,,,Urea,CNCCNC[2H],,CN(C1=O)CCN1C[2H],N
Urea Formation (Isocyanates),Urea Formation (Isocyanates),CA Ureation Isocyanates,"[NX3!H0;!$([NX3][A]=,#[A$([!#6])]):1][#6:2].[CX2:3](=O)=[N:4]>>[N:4][C:3](=O)[N:1][#6:2]",,Urea Formation,"Primary Aliphatic Amine, Primary Aromatic Amine, Secondary Aliphatic Amine, Secondary Aromatic Amine, Amine-Heteroatom",Isocyanate,"Poly-Amine, Amidine, Aromatic NNH","Sulfonyl Chloride, Poly-Isocyanate, NHS Ester, Nitrophenyl Formate, Acyl or Thioacyl Halide, Oximinoyl Chloride, Aromatic NNH",Urea,[2H]CN,[2H]CN=C=O,[2H]CNC(NC[2H])=O,N
Urea Formation (Isocyanates) (Non-Heteroaryl Amine Only),Urea Formation (Isocyanates) (Non-Heteroaryl Amine Only),ChemAxon-UreaFormation-Isocyanates-NonHeteroarylAmineOnly,"[NX3!H0;!$(N[c$([cr6R1]@[aR1][$([NX3](=O)=O),$([NX3+](=O)[O-])]),c$([cr6R1]@[aR1]@[aR1]@[aR1][$([NX3](=O)=O),$([NX3+](=O)[O-])]),c$([cr6R1]@[aR1]C#N),c$([cr6R1]@[aR1]@[aR1]@[aR1]C#N),c$([cr6R1]@[nR1]),c$([cr6R1]@[aR1]@[aR1]@[nR1]),c$([cr5R1](@[$([nH1R1]),$([nR1]!@*),$([oR1]),$([sR1])])@[nR1]),c$([cr5R1](@[$([nH1R1]),$([nR1]!@*),$([oR1]),$([sR1])])[aR1][aR1][nR1]),c$([cr5R1]@[nR1]@[$([nH1R1]),$([nR1]!@*),$([oR1]),$([sR1])])]);!$([NX3][A]=,#[A$([!#6])]):1][#6:2].[CX2:3](=O)=[N:4]>>[N:4][C:3](=O)[N:1][#6:2]",,Urea Formation,"Primary Aliphatic Amine, Primary Aromatic Amine, Secondary Aliphatic Amine, Secondary Aromatic Amine, Amine-Heteroatom",Isocyanate,"Amidine, Aromatic NNH","Sulfonyl Chloride, Poly-Isocyanate, NHS Ester, Nitrophenyl Formate, Acyl or Thioacyl Halide, Oximinoyl Chloride, Aromatic NNH",Urea,[2H]CN,[2H]CN=C=O,[2H]CNC(NC[2H])=O,N
Urea Formation (Trifluoroethyl Carbamates),Urea Formation (Trifluoroethyl Carbamates),ChemAxon-UreaFormation-TFECs-Jun2019,"[NX3!H0;!$([NX3][A]=,#[A$([!#6])]):1][#6:2].[CX3:3](=O)(OCC(F)(F)F)[N:4]>>[N:4][C:3](=O)[N:1][#6:2]",,Trifluoroethylcarbamates-Urea Formation,"Primary Aliphatic Amine, Primary Aromatic Amine, Secondary Aliphatic Amine, Secondary Aromatic Amine, Amine-Heteroatom",Trifluoroethyl Carbamate,"Poly-Amine, Boc Protected Amine, Amidine, Aromatic NNH","Sulfonyl Chloride, Isocyanate, NHS Ester, Nitrophenyl Formate, Acyl or Thioacyl Halide, Alkyl Halide, Oximinoyl Chloride, SNAr F or Cl, Aromatic NNH",Urea,[2H]CN,[2H]CNC(OCC(F)(F)F)=O,[2H]CNC(NC[2H])=O,N
Urea Formation (Trifluoroethyl Carbamates) (Non-Heteroaryl Amine Only),Urea Formation (Trifluoroethyl Carbamates) (Non-Heteroaryl Amine Only),ChemAxon-UreaFormation-TFECs-NonHeteroarylAmineOnly,"[NX3!H0;!$(N[c$([cr6R1]@[aR1][$([NX3](=O)=O),$([NX3+](=O)[O-])]),c$([cr6R1]@[aR1]@[aR1]@[aR1][$([NX3](=O)=O),$([NX3+](=O)[O-])]),c$([cr6R1]@[aR1]C#N),c$([cr6R1]@[aR1]@[aR1]@[aR1]C#N),c$([cr6R1]@[nR1]),c$([cr6R1]@[aR1]@[aR1]@[nR1]),c$([cr5R1](@[$([nH1R1]),$([nR1]!@*),$([oR1]),$([sR1])])@[nR1]),c$([cr5R1](@[$([nH1R1]),$([nR1]!@*),$([oR1]),$([sR1])])[aR1][aR1][nR1]),c$([cr5R1]@[nR1]@[$([nH1R1]),$([nR1]!@*),$([oR1]),$([sR1])])]);!$([NX3][A]=,#[A$([!#6])]):1][#6:2].[CX3:3](=O)(OCC(F)(F)F)[N:4]>>[N:4][C:3](=O)[N:1][#6:2]",,Trifluoroethylcarbamates-Urea Formation,"Primary Aliphatic Amine, Primary Aromatic Amine, Secondary Aliphatic Amine, Secondary Aromatic Amine, Amine-Heteroatom",Trifluoroethyl Carbamate,"Boc Protected Amine, Amidine, Aromatic NNH","Sulfonyl Chloride, Isocyanate, NHS Ester, Nitrophenyl Formate, Acyl or Thioacyl Halide, Alkyl Halide, Oximinoyl Chloride, SNAr F or Cl, Aromatic NNH",Urea,[2H]CN,[2H]CNC(OCC(F)(F)F)=O,[2H]CNC(NC[2H])=O,N
XLIB0002 Acylation of Chloro-Nitro-Pyridine Acid,XLIB0002 Acylation of Chloro-Nitro-Pyridine Acid,ChemAxon-XLIB0002-Acylation-of-Chloro-Nitro-Pyridine-Acid,"[NX3!H0;!$([NX3][A]=,#[A$([!#6])]):1][#6:2]>>C1=C(C(=O)[N:1][#6:2])C=C([N+](=O)[O-])C(Cl)=N1",,,"Primary Aliphatic Amine, Primary Aromatic Amine, Secondary Aliphatic Amine, Secondary Aromatic Amine, Amine-Heteroatom",,"Poly-Amine, Amidine, Aromatic NNH",,"Secondary Amide, Tertiary Amide",[2H]CN,,ClC1=NC=C(C(NC[2H])=O)C=C1[N+]([O-])=O,N
XLIB0008 Acylation of Acrylic Acid,XLIB0008 Acylation of Acrylic Acid,ChemAxon-XLIB0008-Acylation-of-Acrylic-Acid,"[NX3!H0;!$([NX3][A]=,#[A$([!#6])]):1][#6:2]>>C=CC(=O)[N:1][#6:2]",,,"Primary Aliphatic Amine, Primary Aromatic Amine, Secondary Aliphatic Amine, Secondary Aromatic Amine, Amine-Heteroatom",,"Poly-Amine, Amidine, Aromatic NNH",,"Secondary Amide, Tertiary Amide",[2H]CN,,[2H]CNC(=O)C=C,N
XLIB0012 Isoxazoline Formation,XLIB0012 Isoxazoline Formation,ChemAxon-Isoxazoline_Formation,"[*:1][CH1!$(C=C.C=C)&$([$([CX3H1]=[CX3!H1]),$([CX3H1](=[CX3H1])[C@@H][CX4][C@@H][CX3]),$([CX3H1](=[CX3H1])[CX4H2][CX4H1](C=O)[CX4H2])]):2]=[CX3:3].Cl[C:4](=[N:5][O:6])[#6:7]>>[*:1][CH1:2]1[C:3][C:4]([#6:7])=[N:5][O:6]1",,,"Alkene (Carbon Substituted), Alkene (Heterosubstituted)",Oximinoyl Chloride,"Poly-Alkene, Alkyne, Primary Aliphatic Amine, Secondary Aliphatic Amine, Primary Aromatic Amine, Secondary Aromatic Amine, Amine-Heteroatom, Amidine",,Isoxazoline,[2H]CC=C,ON=C(Cl)C[2H],[2H]CC1CC(C[2H])=NO1,N
XLIB0038 Hydantoin Formation,XLIB0038 Hydantoin Formation,ChemAxon-XLIB0038-Hydantoin-Cyclization-Acyclic-Esters,"([NH1$([NH1][$([*H0]),$([*H2]),$([*H1R0])]**C(=O)OC),$([NH1]AAAAC(=O)OC):1].[CX3R0$([CX3](OC)(=O)[$([*H0]),$([*H2]),$([*H1R0])]**[NH1]),$([CX3](OC)(=O)AAAA[NH1]):2]OC)>>[N:1][C:2]",,,Urea Ester (Alpha or Beta),,,,"Hydantoin (5-membered), Hydantoin (6-membered)",[2H]CNC(N(C)CC(OCC)=O)=O,,[2H]CN1C(N(C)CC1=O)=O,N
XLIB0038 Lactone to Acyclic Methyl Ester,XLIB0038 Lactone to Acyclic Methyl Ester,ChemAxon-XLIB0038-Lactone-To-Acyclic-Methyl-Ester,[#6:1][CX3!R0:2](=O)[O:3][#6:4]>>([#6:1][C:2](=O)OC.[O:3][#6:4]),,,Lactone,,"Poly-Ester, Fmoc Protected Amine",,Ester,[2H]C[C@H]1CCOC1=O,,[2H]C[C@H](C(OC)=O)CCO,N
XLIB0042 Acylation of 3-formylbenzoic acid,XLIB0042 Acylation of 3-formylbenzoic acid,ChemAxon-XLIB0042-Acylation-of-3-formyl-benzoic-acid,"[NX3!H0;!$([NX3][A]=,#[A$([!#6])]):1][#6:2]>>O=CC1=CC(=CC=C1)C(=O)[N:1][#6:2]",,,"Primary Aliphatic Amine, Primary Aromatic Amine, Secondary Aliphatic Amine, Secondary Aromatic Amine, Amine-Heteroatom",,"Poly-Amine, Amidine",,"Secondary Amide, Tertiary Amide",[2H]CN,,[2H]CNC(C1=CC=CC(C=O)=C1)=O,N
XLIB0058 Reductive Alkylation of Formyl Boc Amines With Methylamine Install,XLIB0058 Reductive Alkylation of Formyl Boc Amines With Methylamine Install,ChemAxon-XLIB0058-Reductive-Alkylation-With-Methylamine-Install,"[C$([CX3H1](=O)[#6]),$([CX3H2]=O):1](=O).[C$([CX3H1](=O)[#6]),$([CX3H2]=O):2](=O)>>[C:1]N(C)[C:2]",,,Aldehyde,Aldehyde,Poly-Aldehyde,Poly-Aldehyde,Tertiary Aliphatic Amine,[2H]CC=O,[2H]CC=O,[2H]CCN(C)CC[2H],Y
XLIB0059 SNAr F NO2 Arenes,XLIB0059 SNAr F NO2 Arenes,ChemAxon-XLIB0059-SNAr-F-NO2-Arenes,"[$([NX3H2;!$([NX3][A]=,#[A$([!#6])])]):1][#6:2].[F][c:3][c:4][$([NX3](=O)=O),$([NX3+](=O)[O-])]>>[#6:2][N:1][c:3][c:4][N+](=O)[O-]",,,"Primary Aliphatic Amine, Primary Aromatic Amine, Secondary Aliphatic Amine, Secondary Aromatic Amine",Ortho-Fluoro-Nitro Arene,"Poly-Amine, Amine-Heteroatom","Poly-Ortho-Fluoro-Nitro Arene, Para-Fluoro-Nitro Arene",Ortho-Amino-Nitro Arene,[2H]CN,FC1=CC=C(C[2H])C=C1[N+]([O-])=O,[2H]CC1=CC=C(NC[2H])C([N+]([O-])=O)=C1,N
XLIB0063 Suzuki of Cyclopentenyl Boronate,XLIB0063 Suzuki of Cyclopentenyl Boronate,ChemAxon-XLIB0063-Suzuki-of-Cyclopentenyl-Boronate,"[$(c),$(C(=,#C)):1][Br,I]>>[#6:1]C1=CCCC1",,,"Aryl Bromide, Aryl Iodide, Vinyl or Alkynyl Bromide, Vinyl or Alkynyl Iodide",,"Poly-Aryl Br or I, Poly-Vinyl or Alkynyl Bromide or Iodide, Aryl AND Vinyl or Alkynyl Bromide or Iodide",,Sp2-Sp2 Single Bond (Aromatic or Vinyl),[2H]CC1=CC=C(Br)C=C1,,[2H]CC1=CC=C(C=C1)C2=CCCC2,N
XLIB0067 Reductive Amination of Methylamine,XLIB0067 Reductive Amination of Methylamine,ChemAxon-XLIB0067-Reductive-Amination-of-Methylamine,"[C$([CX3H1](=O)[#6]),$([CX3H2]=O):1](=O)>>CN[#6:1]",,,Aldehyde,,"Poly-Aldehyde, Ketone",,"Secondary Aliphatic Amine, Secondary Aromatic Amine",[2H]CC=O,,[2H]CCNC,N
XLIB0085 Aldol Condensation,XLIB0085 Aldol Condensation,ChemAxon-XLIB0085-Aldol,[CX3:1](=[O:5])([CX4H3:2])[CX4:3].[CX3H1:4](=O)[#6:6]>>[#6:6][C:4]=[CX4H1:2][CX3:1](=[O:5])[C:3],,,Acetone,Aldehyde,,Poly-Aldehyde,Alpha-beta unsaturated ketone,CC(=O)C(C[2H])(C)C,[2H]CC=O,O=C(C(C)(C)C[2H])C=CC[2H],N
XLIB0085 Pyrazole Formation (Enones and Hydrazines),XLIB0085 Pyrazole Formation (Enones and Hydrazines),ChemAxon-Pyrazole-Enones+Hydrazines,"[#6:1][CX3:2](=O)[CX3H1:3]=[CX3H1:4][#6:5].[NX3H1!$([NX3][A]=,#[AR0$([!#6])]);$([NX3H1][NX3H2]):6]([NX3H2:7])[#6:8]>>[#6:1][C:2]1=[N:7][N:6]([#6:8])[C:4]([#6:5])=[C:3]1",,Pyrazole Formation,Enone,Hydrazine,,"Hydrazide, Thiosemicarbazide, Primary Aliphatic Amine, Secondary Aliphatic Amine, Primary Aromatic Amine, Secondary Aromatic Amine, Amidine",Pyrazole,CC(C=CC[2H])=O,[2H]CNN,[2H]CN1N=C(C)C=C1C[2H],N
XLIB0085 Pyrazole Formation (Enones and Primary Amines),XLIB0085 Pyrazole Formation (Enones and Primary Amines),ChemAxon-Pyrazole-Enones+Amines,"[#6:1][CX3:2](=O)[CX3H1:3]=[CX3H1:4][#6:5].[NX3H2!$([NX3][A]=,#[AR0$([!#6])]):6][#6:8]>>[#6:1][C:2]1=[N][N:6]([#6:8])[C:4]([#6:5])=[C:3]1",,Pyrazole Formation,Enone,"Primary Aliphatic Amine, Primary Aromatic Amine",,"Poly-Amine, Amine-Heteroatom, Amidine",Pyrazole,CC(C=CC[2H])=O,[2H]CN,[2H]CN1N=C(C)C=C1C[2H],N
XLIB0089 Suzuki of Aliphatic Virtual Boronate Diol Cores Enantiomer 1,XLIB0089 Suzuki of Aliphatic Virtual Boronate Diol Cores Enantiomer 1,ChemAxon-Suzuki-XLIB0089-CycC-Aliphatic-Virtual_Cores-Ent1,"[$(c),$(C(=,#C)):1][Br,I].[O][B+0,-1]([O])[C@:2](O)[C@@H:3](O)[C:4]>>[#6:1][C@:2](O)[C@@H:3](O)[C:4]",,,"Aryl Bromide, Aryl Iodide",Virtual Boronate Diol Cores Ent 1,Poly-Aryl Br or I,Poly-Boronate (acid or ester),,[2H]CC1=CC=C(Br)C=C1,[2H]CN1CC[C@](B2OC(C)(C(C)(O2)C)C)([C@H](C1)O)O,[2H]CC1=CC=C([C@](O)([C@H](C2)O)CCN2C[2H])C=C1,N
XLIB0089 Suzuki of Aliphatic Virtual Boronate Diol Cores Enantiomer 2,XLIB0089 Suzuki of Aliphatic Virtual Boronate Diol Cores Enantiomer 2,ChemAxon-Suzuki-XLIB0089-CycC-Aliphatic-Virtual_Cores-Ent2,"[$(c),$(C(=,#C)):1][Br,I].[O][B+0,-1]([O])[C@@:2](O)[C@H:3](O)[C:4]>>[#6:1][C@@:2](O)[C@H:3](O)[C:4]",,,"Aryl Bromide, Aryl Iodide",Virtual Boronate Diol Cores Ent 2,Poly-Aryl Br or I,Poly-Boronate (acid or ester),,[2H]CC1=CC=C(Br)C=C1,[2H]CN1C[C@H]([C@@](C1)(B2OC(C)(C(C)(O2)C)C)O)O,[2H]CC1=CC=C([C@](O)(C2)[C@H](O)CN2C[2H])C=C1,N
XLIB0095 SNAr of Dichloropyrimidine Core,XLIB0095 SNAr of Dichloropyrimidine Core,ChemAxon-XLIB0095-SNAr-of-dichloropyrimidine-core,"[$([NX3!H0;!$([NX3][A]=,#[A$([!#6])])]):1][#6:2].Cl[c:3]1nc(C(F)(F)F)nc(Cl)c1>>Clc1nc(C(F)(F)F)n[c:3]([N:1][#6:2])c1",,,"Secondary Aliphatic Amine, Secondary Aromatic Amine",24-dichloro-6-trifluoromethylpyrimidine,"Primary Aliphatic Amine, Primary Aromatic Amine, Poly-Amine, Amine-Heteroatom, Amidine",,Tertiary Aromatic Amine,[2H]CNC,ClC1=NC(C(F)(F)F)=NC(Cl)=C1,CN(C)C1=NC(C(F)(F)F)=NC(Cl)=C1,N
XLIB0099 124-Oxadiazole Formation ClAcOH then SN2 (Amine BBs),XLIB0099 124-Oxadiazole Formation ClAcOH then SN2 (Amine BBs),ChemAxon-Oxadiazole-ClAcOH-then-SN2-amines,"[NX3!H0;!$([N][!#6]);!$([NX3][A]=,#[A$([!#6])]):1][#6:2].[$([NX3!H0;!$([N][!#6]);!$([NX3][A]=,#[A$([!#6])])]):3][#6:4]>>[#6:4][N:3]CC1ON=C([N:1][#6:2])N=1",,,"Secondary Aliphatic Amine, Secondary Aromatic Amine","Primary Aliphatic Amine, Primary Aromatic Amine, Secondary Aliphatic Amine, Secondary Aromatic Amine","Poly-Amine, Amine-Heteroatom, Hydroxyguanidine, Amidine","Poly-Amine, Amine-Heteroatom, Phenol","124-oxadiazole (3-amino), Secondary Aliphatic Amine, Secondary Aromatic Amine, Tertiary Aliphatic Amine, Tertiary Aromatic Amine",[2H]CNC,[2H]CN,CN(C[2H])C1=NOC(CNC[2H])=N1,Y
XLIB0099 124-Oxadiazole Formation ClAcOH then SN2 (Primary Amines),XLIB0099 124-Oxadiazole Formation ClAcOH then SN2 (Amine BBs),ChemAxon-Oxadiazole-ClAcOH-then-SN2-amines,"[NX3!H0;!$([N][!#6]);!$([NX3][A]=,#[A$([!#6])]):1][#6:2].[$([NX3!H0;!$([N][!#6]);!$([NX3][A]=,#[A$([!#6])])]):3][#6:4]>>[#6:4][N:3]CC1ON=C([N:1][#6:2])N=1",,,"Secondary Aliphatic Amine, Secondary Aromatic Amine","Primary Aliphatic Amine, Primary Aromatic Amine","Poly-Amine, Amine-Heteroatom, Hydroxyguanidine, Amidine","Poly-Amine, Amine-Heteroatom, Phenol","124-oxadiazole (3-amino), Secondary Aliphatic Amine, Secondary Aromatic Amine",[2H]CNC,[2H]CN,CN(C[2H])C1=NOC(CNC[2H])=N1,Y
XLIB0099 124-Oxadiazole Formation ClAcOH then SN2 (Secondary Amines),XLIB0099 124-Oxadiazole Formation ClAcOH then SN2 (Amine BBs),ChemAxon-Oxadiazole-ClAcOH-then-SN2-amines,"[NX3!H0;!$([N][!#6]);!$([NX3][A]=,#[A$([!#6])]):1][#6:2].[$([NX3!H0;!$([N][!#6]);!$([NX3][A]=,#[A$([!#6])])]):3][#6:4]>>[#6:4][N:3]CC1ON=C([N:1][#6:2])N=1",,,"Secondary Aliphatic Amine, Secondary Aromatic Amine",Secondary Aliphatic Amine,"Poly-Amine, Amine-Heteroatom, Hydroxyguanidine, Amidine","Poly-Amine, Amine-Heteroatom, Phenol","124-oxadiazole (3-amino), Tertiary Aliphatic Amine, Tertiary Aromatic Amine",[2H]CNC,[2H]CNC,CN(C[2H])C1=NOC(CN(C)C[2H])=N1,Y
XLIB0099 124-Oxadiazole Formation ClAcOH then SN2 (Phenol BBs),XLIB0099 124-Oxadiazole Formation ClAcOH then SN2 (Phenol BBs),ChemAxon-Oxadiazole-ClAcOH-then-SN2-phenols,"[NX3!H0;!$([N][!#6]);!$([NX3][A]=,#[A$([!#6])]):1][#6:2].[$([OD1h1]c):3][#6:4]>>[#6:4][O:3]CC1ON=C([N:1][#6:2])N=1",,,"Secondary Aliphatic Amine, Secondary Aromatic Amine",Phenol,"Poly-Amine, Amine-Heteroatom, Hydroxyguanidine, Amidine","Poly-Phenol, Primary Aliphatic Amine, Secondary Aliphatic Amine, Primary Aromatic Amine, Secondary Aromatic Amine, Amine-Heteroatom","124-oxadiazole (3-amino), Tertiary Aromatic Amine, Ether (Aliphatic - Aromatic)",[2H]CNC,[2H]CC1=CC=C(O)C=C1,[2H]CC1=CC=C(OCC2=NC(N(C[2H])C)=NO2)C=C1,Y
XLIB0108 124-Triazole Formation (Thioureas and Hydrazides),XLIB0108 124-Triazole Formation (Thioureas and Hydrazides),ChemAxon-124triazole-35substituted,[NH1:5]([CX4H3:8])[CX3:6](=S)[N:7][#6:9].[NX3H1$([NX3H1][NX3H2]):1]([NX3H2:2])[CX3:3](=O)[#6:4]>>[C:8][N:5]1[C:3]([#6:4])=[N:2][N:1]=[C:6]([N:7][#6:9])1,,Triazole Formation,Thiourea,Hydrazide,,"Primary Aliphatic Amine, Secondary Aliphatic Amine, Primary Aromatic Amine, Secondary Aromatic Amine, Amidine",124-triazole (3-amino),[2H]CN(C)C(NC)=S,[2H]CC(NN)=O,[2H]CN(C1=NN=C(C[2H])N1C)C,N
XLIB0108 Regioisomer 2 124-Triazole Formation (Thioureas and Hydrazides),XLIB0108 Regioisomer 2 124-Triazole Formation (Thioureas and Hydrazides),ChemAxon-124triazole-35substituted,[NH1:5]([CX4H3:8])[CX3:6](=S)[N:7][#6:9].[NX3H1$([NX3H1][NX3H2]):1]([NX3H2:2])[CX3:3](=O)[#6:4]>>[#6:9][N:7]1[C:3]([#6:4])=[N:2][N:1]=[C:6]([N:5][C:8])1,,Triazole Formation,Thiourea,Hydrazide,,"Primary Aliphatic Amine, Secondary Aliphatic Amine, Primary Aromatic Amine, Secondary Aromatic Amine, Amidine",124-triazole (3-amino),[2H]CNC(N(C)C)=S,[2H]CC(NN)=O,[2H]CC(N1C[2H])=NN=C1N(C)C,N
XLIB0112 Diketopiperazine Cyclization (Amino Ethyl Esters and Amines),XLIB0112 Diketopiperazine Cyclization (Amino Ethyl Esters and Amines),ChemAxon-XPL115-DiketopiperazineCyclization,"[CX4H3][CX4H2][OX2][CX3:1](=[OX1:6])[CX4:2][NX3!H0;!$([NX3][A]=,#[A$([!#6])]):3].[NX3!H0;!$([N][!#6]);!$([NX3][A]=,#[A$([!#6])]):4][#6:5]>>[N:3]1C(=O)C[N:4]([#6:5])[C:1](=[O:6])[C:2]1",,SN2-Amidation Cyclization,Alpha Amino Ethyl Ester,"Primary Aliphatic Amine, Primary Aromatic Amine","Poly-Amine, Amine-Heteroatom, Amidine, Poly-Ester, Alkyl Halide, Aromatic NNH","Poly-Amine, Amine-Heteroatom, Aromatic NNH",Diketopiperazine,CN[C@@H](C[2H])C(OCC)=O,[2H]CN,CN1[C@@H](C[2H])C(N(C[2H])CC1=O)=O,Y
XLIB0112 Reductive Amination of Alpha Amino Ethyl Esters,Reductive Amination,CA Reductive Amination,"[C$([CX3H1](=O)[#6]),$([CX3H2]=O):3](=O).[NX3!H0;!$([NX3][A]=,#[A$([!#6])]):1][#6:2]>>[N:1]([#6:2])[#6:3]",,"Reductive Amination, Reductive Amination-40C",Aldehyde,Alpha Amino Ethyl Ester,"Poly-Aldehyde, Ketone","Poly-Amine, Amine-Heteroatom","Secondary Aliphatic Amine, Secondary Aromatic Amine, Tertiary Aliphatic Amine, Tertiary Aromatic Amine",[2H]CC=O,N[C@@H](C[2H])C(OCC)=O,[2H]C[C@@H](C(OCC)=O)NCC[2H],N
XLIB0116 Acylation of Iodoacetyl Chloride,XLIB0116 Acylation of Iodoacetyl Chloride,ChemAxon-XPL0111-IodoacetylCl,"[N$([NX3!H0;!$([N][!#6]);!$([NX3][A]=,#[A$([!#6])])]):2][#6:3]>>[#6:3][N:2]C(=O)C[I]",Acylation-IodoAcetylChloride,,"Primary Aliphatic Amine, Primary Aromatic Amine, Secondary Aliphatic Amine, Secondary Aromatic Amine",,"Poly-Amine, Amine-Heteroatom, Amidine, Boc Protected Amine, Aromatic NNH",,"Secondary Amide, Tertiary Amide, Alkyl Iodide",[2H]CN,,[2H]CNC(CI)=O,N
XLIB0119 SNAr of Halo Aldehyde,XLIB0119 SNAr of Halo Aldehyde,ChemAxon-XLIB0119-SNAr,"[NX3!H0;!$([N][!#6]);!$([NX3][A]=,#[A$([!#6])]):1][#6:2]>>[N:1]([#6:2])C(=N1)N=CC(=C1)C=O",,Reductive Amination,"Secondary Aliphatic Amine, Secondary Aromatic Amine","Primary Aliphatic Amine, Primary Aromatic Amine, Secondary Aliphatic Amine, Secondary Aromatic Amine","Poly-Amine, Amine-Heteroatom, Boc Protected Amine, Amidine","Poly-Amine, Amine-Heteroatom","Tertiary Aromatic Amine, Aldehyde",[2H]CNC,,[2H]CN(C)C1=NC=C(C=O)C=N1,N
XLIB0120 Piperazine Cyclization (Aldehydes and Amines),XLIB0120 Piperazine Cyclization (Aldehydes and Amines),ChemAxon-Piperazine-Cyclization,"[CX3H1:1](=O)[#6:2].[NX3!H0;!$([N][!#6]);!$([NX3][A]=,#[A$([!#6])]):3][#6:4]>>[N:3]([#6:4])(CC1)CCN1[#6:1][#6:2]",,,Aldehyde,"Primary Aliphatic Amine, Primary Aromatic Amine","Poly-Aldehyde, Ketone, Vicinal Diol","Poly-Amine, Amine-Heteroatom, Amidine",Piperazine,[2H]CC=O,[2H]CN,[2H]CCN1CCN(C[2H])CC1,Y
XLIB0121 Aryl Bromide to Boc Protected Benzylamine,XLIB0121 Aryl Bromide to Boc Protected Benzylamine,ChemAxon-ArylBr-to-Boc-Benzylamine,[c:1]Br>>[c:1]CNC(=O)OC(C)(C)C,,Acylation of BocAA post Br Acid Premix,Aryl Bromide,,"Poly-Aryl Br, Aryl Chloride, Aryl Iodide",,Boc Protected Amine,[2H]CC1=CC=C(Br)C=C1,,[2H]CC1=CC=C(C=C1)CNC(OC(C)(C)C)=O,N
XLIB0125 Urea Formation (Secondary Amine and Primary Amine),XLIB0125 Urea Formation (Secondary Amine and Primary Amine),ChemAxon-UreaFormation-SecAmine-PrimAmine,"[NX3H1;!$([NX3][A]=,#[A$([!#6])]):1]([#6:2])[#6:3].[NX3H2;!$([NX3][A]=,#[A$([!#6])]):4][#6:5]>>[N:1]([#6:2])([#6:3])C(=O)[N:4][#6:5]",,,Secondary Aliphatic Amine,Primary Aliphatic Amine,"Poly-Amine, Amine-Heteroatom, Boc Protected Amine, Amidine","Poly-Amine, Amine-Heteroatom, Sulfonyl Chloride, Isocyanate, NHS Ester, Acyl or Thioacyl Halide, Oximinoyl Chloride, Nitrophenyl Formate, Amidine",Urea,[2H]CNC,[2H]CN,[2H]CN(C)C(=O)NC[2H],N
XLIB0126 Pyrazole formation (Amines and Hydrazines via Isoxazole),XLIB0126 Pyrazole formation (Amines and Hydrazines via Isoxazole),ChemAxon-PyrazoleFormation-Amines-Hydrazines-Via-Isoxazole,"[N$([NX3!H0;!$([NX3][A]=,#[A$([!#6])])]):1][#6:2].[NX3H1:3]([NX3H2:4])[#6:5]>>[#6:2][N:1]C(=O)C(=[N:4]1)C=C[N:3]1[#6:5]",,,"Primary Aliphatic Amine, Primary Aromatic Amine, Secondary Aliphatic Amine, Secondary Aromatic Amine, Amine-Heteroatom",Hydrazine,"Poly-Amine, Amidine, Isoxazole, Aldehyde, Ketone, Aromatic NNH","Hydrazide, Thiosemicarbazide, Primary Aliphatic Amine, Secondary Aliphatic Amine, Primary Aromatic Amine, Secondary Aromatic Amine, Amidine",Pyrazole,[2H]CNC,[2H]CNN,O=C(N(C)C[2H])C1=NN(C[2H])C=C1,Y
XLIB0126 Regioisomer 2 Pyrazole formation (Amines and Hydrazines via Isoxazole),XLIB0126 Regioisomer 2 Pyrazole formation (Amines and Hydrazines via Isoxazole),ChemAxon-PyrazoleFormation-Amines-Hydrazines-Via-Isoxazole,"[N$([NX3!H0;!$([NX3][A]=,#[A$([!#6])])]):1][#6:2].[NX3H1:3]([NX3H2:4])[#6:5]>>[#6:2][N:1]C(=O)C([N:3]1[#6:5])=CC=[N:4]1",,,"Primary Aliphatic Amine, Primary Aromatic Amine, Secondary Aliphatic Amine, Secondary Aromatic Amine, Amine-Heteroatom",Hydrazine,"Poly-Amine, Amidine, Isoxazole, Aldehyde, Ketone, Aromatic NNH","Hydrazide, Thiosemicarbazide, Primary Aliphatic Amine, Secondary Aliphatic Amine, Primary Aromatic Amine, Secondary Aromatic Amine, Amidine",Pyrazole,[2H]CNC,[2H]CNN,O=C(C1=CC=NN1C[2H])N(C[2H])C,Y
XLIB0152 Oxazole Formation,XLIB0152 Oxazole Formation,ChemAxon-XPL0132-Oxazole-Formation,"[CX3H1](=O)[#6:1].[NX3!H0;!$([N][!#6]);!$([NX3][A]=,#[A$([!#6])]):3][#6:4]>>[N:3]([#6:4])CC(N=C1)=C(O1)[#6:1]",,,Aldehyde,"Primary Aliphatic Amine, Primary Aromatic Amine, Secondary Aliphatic Amine, Secondary Aromatic Amine","Alkene (Acyclic), Alkene (Terminal), Alkene (Heterosubstituted), Alkyne, Poly-Alkene, Allene, Poly-Aldehyde, Ketone, Vicinal Diol","Poly-Amine, Amine-Heteroatom, Amidine",,[2H]CC=O,[2H]CN,[2H]CNCC1=C(C[2H])OC=N1,Y
XPL0012 Cyc B Reductive Amination (Replacing Amine Linker),XPL0012 Cyc B Reductive Amination (Replacing Amine Linker),ChemAxon-XPL0012-Reductive-Amination-Replacing-Amine-Linker,"[CX4H3:3][NX3H1][CX4H3].[NX3!H0;!$([N][!#6]);!$([NX3][A]=,#[A$([!#6])]):1][#6:2]>>[N:1]([#6:2])[#6:3]",,,Primary Aliphatic Amine,"Primary Aliphatic Amine, Secondary Aliphatic Amine, Primary Aromatic Amine, Secondary Aromatic Amine",,"Poly-Amine, Amine-Heteroatom, Amidine","Secondary Aliphatic Amine, Secondary Aromatic Amine, Tertiary Aliphatic Amine, Tertiary Aromatic Amine",[2H]CNC,[2H]CN,[2H]CNC[2H],N
XPL0070 Urea Formation,XPL0070 Urea Formation,ChemAxon-XPL0070-Urea-Formation,"[CX3H1:1](=O)[#6:2].[NX3H2;!$([N][!#6]);!$([NX3][A]=,#[A$([!#6])]):3][#6:4]>>[N:3]([#6:4])(CC1)C(=O)N1[#6:1][#6:2]",,,Aldehyde,"Primary Aliphatic Amine, Primary Aromatic Amine","Poly-Aldehyde, Ketone, Vicinal Diol","Poly-Amine, Amine-Heteroatom, Amidine",Urea,[2H]CC=O,[2H]CN,[2H]CCN(C1=O)CCN1C[2H],Y
Z_AZLIB0002 Aldol Condensation (Cyanoacetamide Only),Z_AZLIB0002 Aldol Condensation (Cyanoacetamide Only),ChemAxon-Aldol-Cyanoacetamide,[CX3:1](=[O:2])[CX4H2:3][CX2:4]#[N:5].[CX3H1:6](=O)[#6:7]>>[C:1](=[O:2])[C:3]([C:4]#[N:5])=[C:6][#6:7],,,Cyanoacetamide,Aldehyde,,"Poly-Aldehyde, Ketone","Alpha-beta unsaturated amide, Nitrile",[2H]CNC(CC#N)=O,[2H]CC=O,[2H]CNC(C(C#N)=CC[2H])=O,N
Z_AZLIB0003B Null Reaction SNAr Halides,Z_AZLIB0003B Null Reaction SNAr Halides,ChemAxon-Null_reaction_SNAr_halides,"[Cl,F:2][c$(c@a[$([NX3](=O)=O),$([NX3+](=O)[O-])]),$(c@a@a@a[$([NX3](=O)=O),$([NX3+](=O)[O-])]),$(c@a@a[$([NX3](=O)=O),$([NX3+](=O)[O-])]),$(c@[n,o,s]),$(c@a@a@[n,o,s]):1].*>>[c:1][Cl,F:2]",,,"SNAr F, SNAr Cl",Carbon (Aliphatic),,,,[2H]CC1=CN=C(Cl)C=C1,,[2H]CC1=CN=C(Cl)C=C1,N
Z_AZLIB0021-CycA-XBB024871,Z_AZLIB0021-CycA-XBB024871,ChemAxon-AZLIB0021-CycA-XBB024871,[CX3H2:1]=O.[NX3H1:2]([CX4H2:3])C(=O)OCC1c2ccccc2c3ccccc31>>CN,,,Aldehyde,Fmoc Protected Primary Amine,,,,[2H]C=O,[2H]CNC(OCC1c2c(c3c1cccc3)cccc2)=O,CN,N
Z_AZLIB0021-CycA-XBB040765,Z_AZLIB0021-CycA-XBB040765,ChemAxon-AZLIB0021-CycA-XBB040765,[CX3H2:1]=O.[NX3H1:2]([CX4H2:3])[CX4H3:4]>>CNC,,,Aldehyde,Fmoc Protected Secondary Amine,,,,[2H]C=O,[2H]CN(CC)C(OCC1c2c(c3c1cccc3)cccc2)=O,CNC,N
NVLIB0001 Acylation of Peg1 Azide,NVLIB0001 Acylation of Peg1 Azide,NVLIB0001 Acylation of Peg1 Azide,"[NX3!H0;!$([NX3][A]=,#[A$([!#6])]):1][#6:2]>>[N-]=[N+]=NCCOCC(=O)[N:1][#6:2]",,,"Primary Aliphatic Amine, Primary Aromatic Amine, Secondary Aliphatic Amine, Secondary Aromatic Amine, Amine-Heteroatom",,"Poly-Amine, Amidine, Aromatic NNH",,"Secondary Amide, Tertiary Amide",[2H]CN,,[2H]CNC(=O)COCCN=[N+]=[N-],N
